

INSERT INTO govt values('RAJASTHAN','RAJASTHAN_Transport');
INSERT INTO govt values('GUJARAT','GUJARAT_Transport');
INSERT INTO govt values('MAHARASHTRA','MAHARASHTRA_Transport');
INSERT INTO govt values('MADHYA PRADESH','MADHYA PRADESH_Transport');
INSERT INTO govt values('TELANGANA','TELAGANA_Transport');
INSERT INTO govt values('TAMIL NADU','TAMIL NADU_TRANSPORT');
INSERT INTO govt values('UTTAR_PRADESH','UTTAR_PRADESH_TRANSPORT');
INSERT INTO govt values('PUNJAB','PUNJAB_TRANSPORT');
INSERT INTO govt values('HARYANA','HARYANA_TRANSPORT');
INSERT INTO govt values('BIHAR','BIHAR_TRANSPORT');
INSERT INTO govt values('JHARKHAND','JHARKHAND_TRANSPORT');
INSERT INTO govt values('KERALA','KERALA_TRANSPORT');
INSERT INTO govt values('WEST BENGAL','WEST BENGAL_TRANSPORT');
INSERT INTO govt values('GOA','GOA_TRANSPORT');
INSERT INTO govt values('SIKKIM','SIKKIM_TRANSPORT');
INSERT INTO govt values('ASSAM','ASSAM_TRANSPORT');



/*TRAVEL_AGENCY*/



INSERT INTO travel_agency values('01AAAAA0000A1Z5','RSRTC','RAJASTHAN');
INSERT INTO travel_agency values('01AAAAA0000B1Z5','KIRAN_TRAVELS','RAJASTHAN');
INSERT INTO travel_agency values('01AAAAA0000C1Z5','JAIN_TRAVELS','RAJASTHAN');
INSERT INTO travel_agency values  ('01AAAAA0000D1Z5','MAHESWARI_TRAVELS','RAJASTHAN');

INSERT INTO travel_agency values ('02AAAAA0000A1Z5','MILAN_travel','GUJARAT');
INSERT INTO travel_agency values ('02AAAAA0000B1Z5','GSRTC','GUJARAT');
INSERT INTO travel_agency values ('02AAAAA0000C1Z5','MALLA_TRAVELS','GUJARAT');
INSERT INTO travel_agency values('02AAAAA0000D1Z5','JIGNESH_TRAVELS','GUJARAT');

INSERT INTO travel_agency values ('03AAAAA0000A1Z5','MHRD_TRAVELS','MAHARASHTRA');
INSERT INTO travel_agency values('03AAAAA0000B1Z5','MARATHA_TRAVELS','MAHARASHTRA');
INSERT INTO travel_agency values('03AAAAA0000C1Z5','SHIWAJI_TRAVELS','MAHARASHTRA');
INSERT INTO travel_agency values('03AAAAA0000D1Z5','HIND_TRAVELS','MAHARASHTRA');

INSERT INTO travel_agency values('04AAAAA0000A1Z5','MPRTC','MADHYA PRADESH');
INSERT INTO travel_agency values('04AAAAA0000B1Z5','AADINATH_TRAVELS','MADHYA PRADESH');
INSERT INTO travel_agency values('04AAAAA0000C1Z5','INDRA_TRAVELS','MADHYA PRADESH');
INSERT INTO travel_agency values ('04AAAAA0000D1Z5','MAHAVEER_TRAVELS','MADHYA PRADESH');


 


INSERT INTO travel_agency values('05ADBC2653D1Z5','TSRTC','TELANGANA');
INSERT INTO travel_agency values('05AHJK1772G1Z5','YAMUNA_TRAVELS','TELANGANA');
INSERT INTO travel_agency values('05AYITY7898I1Z5','ORANGE_Travels','TELANGANA');
INSERT INTO travel_agency values('05AYTR7878P1Z5','SRI_travels','TELANGANA');


INSERT INTO travel_agency values('06YOIPR7768P1Z5','TNSTC','TAMIL NADU');
INSERT INTO travel_agency values('06YPYTA7898A1Z5','JAYA_travels','TAMIL NADU');
INSERT INTO travel_agency values('06FGTYU7899P1Z5','SOUTHERN_travels','TAMIL NADU');
INSERT INTO travel_agency values('06JIPOS7908W1Z5','MADRAS_thar','TAMIL NADU');


INSERT INTO travel_agency values('07UPSAI6968A1Z5','UPSRTC','UTTAR_PRADESH');
INSERT INTO travel_agency values('07UPSBI7899B1Z5','BHOJPUR_travel','UTTAR_PRADESH');
INSERT INTO travel_agency values('07UPSCI7345S1Z5','DESH_parivahan','UTTAR_PRADESH');
INSERT INTO travel_agency values('07UPSDI7023I1Z5','UPSHER_travel','UTTAR_PRADESH');


INSERT INTO travel_agency values('08PNJAR9018Q1Z5','PRTC','PUNJAB');
INSERT INTO travel_agency values('08PNJAR9019E1Z5','PAAJI_TRAVELS','PUNJAB');
INSERT INTO travel_agency values('08PNJAR9020J1Z5','SINGHSAHAB_travels','PUNJAB');
INSERT INTO travel_agency values('08PNJAR9021P1Z5','LAHORE_TRAVELS','PUNJAB');





/****** HARYANA ENTRIES******/
INSERT INTO travel_agency values('09ABHR1001A1W1','HSRTC','HARYANA');
INSERT INTO travel_agency values('09ABHR1002A1W2','MARUTI_TRAVELS','HARYANA');
INSERT INTO travel_agency values('09ABHR1003A1W3','PROFE_TRAVELS','HARYANA');
INSERT INTO travel_agency values('09ABHR1002A1W4','RAJ_TRAVEL','HARYANA');


/*****BIHAR ENTRIES*****/
INSERT INTO travel_agency values('10ABBH2001B1X1','BSRTC','BIHAR');
INSERT INTO travel_agency values('10ABBH2002B1X2','BHAIYYAJII_TOURS','BIHAR');
INSERT INTO travel_agency values('10ABBH2003B1X3','BABUAA T & T','BIHAR');
INSERT INTO travel_agency values('10ABBH2004B1X4','NANDAN_TRAVEL','BIHAR');


/*****JHARKHAND*****/
INSERT INTO travel_agency values('11ABJH3001C1Y1','JSRTC','JHARKHAND');
INSERT INTO travel_agency values('11ABJH3002C1Y2','SIMRAN_TRANSPORTS','JHARKHAND');
INSERT INTO travel_agency values('11ABJH3003C1Y3','BHOLENATH_TOURS','JHARKHAND');
INSERT INTO travel_agency values('11ABJH3004C1Y4','JH_TRAVELS','JHARKHAND');

/*****KERALA*****/
INSERT INTO travel_agency values('12ABKR4001D1Z1','KSRTC','KERALA');
INSERT INTO travel_agency values('12ABKR4002D1Z2','MALLU TOURS','KERALA');
INSERT INTO travel_agency values('12ABKR4003D1Z3','BHARTI TRAVELS','KERALA');
INSERT INTO travel_agency values('12ABKR4004D1Z4','OMNI TOURS','KERALA');










INSERT INTO travel_agency values('13CXGPA3353R1Z5','PYRAMID_TRAVELS','WEST BENGAL');
INSERT INTO travel_agency values('13CXJPN2187P1Z5','LAXMI_TRAVELS','WEST BENGAL');
INSERT INTO travel_agency values('13WBSCT5652T1Z5','SURYA_TRAVELS','WEST BENGAL');
INSERT INTO travel_agency values('13KRCPV8563M1Z5','NEETA_TRAVELS','WEST BENGAL');


INSERT INTO travel_agency values('14TRSPC5624L1Z6','YUVRAJ_TRAVELS','GOA');
INSERT INTO travel_agency values('14LKGRT2987T1Z6','KUSAM_TRAVELS','GOA');
INSERT INTO travel_agency values('14TRSGV2324M1Z6','ALIA_TRAVELS','GOA');
INSERT INTO travel_agency values('14CDSWE9456Y1Z6','KASHISH_TRAVELS','GOA');


INSERT INTO travel_agency values('15AWSER2654M1Z7','RAZA_TRAVELS','SIKKIM');
INSERT INTO travel_agency values('15SWAPZ8563N1Z7','KAVERI_TRAVELS','SIKKIM');
INSERT INTO travel_agency values('15CXDSA4563P1Z7','GARUDA_TRAVELS','SIKKIM');
INSERT INTO travel_agency values('15AGFDS9854L1Z7','RAGHU_TRAVELS','SIKKIM');


INSERT INTO travel_agency values('16HGDDS5623L1Z8','SAWAI_TRAVELS','ASSAM');
INSERT INTO travel_agency values('16RDSAS9654M1Z8','DEVI_TRAVELS','ASSAM');
INSERT INTO travel_agency values('16CGFDS2354M1Z8','SRISAI_TRAVELS','ASSAM');
INSERT INTO travel_agency values('16MNJOL8963L1Z8','AKHILA_TRAVELS','ASSAM');










/*INTER-STATE-BUSES-SCHED*/

INSERT INTO bus values('RJ1234','2020-1-1','JAIPUR','UDAIPUR','09:00 AM',45);
INSERT INTO bus values('RJ1234','2020-1-2','UDAIPUR','JAIPUR','09:00 AM',45);
INSERT INTO bus values('RJ1234','2020-1-3','JAIPUR','UDAIPUR','09:00 AM',45);
INSERT INTO bus values('RJ1234','2020-1-4','UDAIPUR','JAIPUR','09:00 AM',45);
INSERT INTO bus values('RJ1234','2020-1-5','JAIPUR','UDAIPUR','09:00 AM',45);
INSERT INTO bus values('RJ1234','2020-1-6','UDAIPUR','JAIPUR','09:00 AM',45);
INSERT INTO bus values('RJ1234','2020-1-7','JAIPUR','UDAIPUR','09:00 AM',45);

INSERT INTO bus values('RJ8787','2020-1-1','JAIPUR','UDAIPUR','09:00 AM',45);
INSERT INTO bus values('RJ8787','2020-1-2','UDAIPUR','JAIPUR','09:00 AM',45);
INSERT INTO bus values('RJ8787','2020-1-3','JAIPUR','UDAIPUR','09:00 AM',45);
INSERT INTO bus values('RJ8787','2020-1-4','UDAIPUR','JAIPUR','09:00 AM',45);
INSERT INTO bus values('RJ8787','2020-1-5','JAIPUR','UDAIPUR','09:00 AM',45);
INSERT INTO bus values('RJ8787','2020-1-6','UDAIPUR','JAIPUR','09:00 AM',45);
INSERT INTO bus values('RJ8787','2020-1-7','JAIPUR','UDAIPUR','09:00 AM',45);


INSERT INTO bus values('RJ2234','2020-1-1','UDAIPUR','JAIPUR','03:00 PM',45);
INSERT INTO bus values('RJ2234','2020-1-2','JAIPUR','UDAIPUR','03:00 PM',45);
INSERT INTO bus values('RJ2234','2020-1-3','UDAIPUR','JAIPUR','03:00 PM',45);
INSERT INTO bus values('RJ2234','2020-1-4','JAIPUR','UDAIPUR','03:00 PM',45);
INSERT INTO bus values('RJ2234','2020-1-5','UDAIPUR','JAIPUR','03:00 PM',45);
INSERT INTO bus values('RJ2234','2020-1-6','JAIPUR','UDAIPUR','03:00 PM',45);
INSERT INTO bus values('RJ2234','2020-1-7','JAIPUR','UDAIPUR','03:00 PM',45);



INSERT INTO bus values('RJ3234','2020-1-1','JAIPUR','UDAIPUR','02:00 PM',45);
INSERT INTO bus values('RJ3234','2020-1-2','UDAIPUR','JAIPUR','02:00 PM',45);
INSERT INTO bus values('RJ3234','2020-1-3','JAIPUR','UDAIPUR','02:00 PM',45);
INSERT INTO bus values('RJ3234','2020-1-4','UDAIPUR','JAIPUR','02:00 PM',45);
INSERT INTO bus values('RJ3234','2020-1-5','JAIPUR','UDAIPUR','02:00 PM',45);
INSERT INTO bus values('RJ3234','2020-1-6','UDAIPUR','JAIPUR','02:00 PM',45);
INSERT INTO bus values('RJ3234','2020-1-7','JAIPUR','UDAIPUR','02:00 PM',45);


INSERT INTO bus values('RJ4234','2020-1-1','UDAIPUR','JAIPUR','11:00 PM',45);
INSERT INTO bus values('RJ4234','2020-1-2','JAIPUR','UDAIPUR','11:00 PM',45);
INSERT INTO bus values('RJ4234','2020-1-3','UDAIPUR','JAIPUR','11:00 PM',45);
INSERT INTO bus values('RJ4234','2020-1-4','JAIPUR','UDAIPUR','11:00 PM',45);
INSERT INTO bus values('RJ4234','2020-1-5','UDAIPUR','JAIPUR','11:00 PM',45);
INSERT INTO bus values('RJ4234','2020-1-6','JAIPUR','UDAIPUR','11:00 PM',45);
INSERT INTO bus values('RJ4234','2020-1-7','JAIPUR','UDAIPUR','11:00 PM',45);









/*GUJARAT*/


INSERT INTO bus values('GJ1234','2020-1-1','AHMEDABAD','SURAT','10:00 AM',45);
INSERT INTO bus values('GJ1234','2020-1-2','SURAT','AHMEDABAD','10:00 AM',45);
INSERT INTO bus values('GJ1234','2020-1-3','AHMEDABAD','SURAT','10:00 AM',45);
INSERT INTO bus values('GJ1234','2020-1-4','SURAT','AHMEDABAD','10:00 AM',45);
INSERT INTO bus values('GJ1234','2020-1-5','AHMEDABAD','SURAT','10:00 AM',45);
INSERT INTO bus values('GJ1234','2020-1-6','SURAT','AHMEDABAD','10:00 AM',45);
INSERT INTO bus values('GJ1234','2020-1-7','AHMEDABAD','SURAT','10:00 AM',45);


INSERT INTO bus values('GJ2234','2020-1-1','SURAT','AHMEDABAD','04:00 PM',45);
INSERT INTO bus values('GJ2234','2020-1-2','AHMEDABAD','SURAT','04:00 PM',45);
INSERT INTO bus values('GJ2234','2020-1-3','SURAT','AHMEDABAD','04:00 PM',45);
INSERT INTO bus values('GJ2234','2020-1-4','AHMEDABAD','SURAT','04:00 PM',45);
INSERT INTO bus values('GJ2234','2020-1-5','SURAT','AHMEDABAD','04:00 PM',45);
INSERT INTO bus values('GJ2234','2020-1-6','AHMEDABAD','SURAT','04:00 PM',45);
INSERT INTO bus values('GJ2234','2020-1-7','AHMEDABAD','SURAT','04:00 PM',45);



INSERT INTO bus values('GJ3234','2020-1-1','AHMEDABAD','SURAT','02:00 PM',45);
INSERT INTO bus values('GJ3234','2020-1-2','SURAT','AHMEDABAD','02:00 PM',45);
INSERT INTO bus values('GJ3234','2020-1-3','AHMEDABAD','SURAT','02:00 PM',45);
INSERT INTO bus values('GJ3234','2020-1-4','SURAT','AHMEDABAD','02:00 PM',45);
INSERT INTO bus values('GJ3234','2020-1-5','AHMEDABAD','SURAT','02:00 PM',45);
INSERT INTO bus values('GJ3234','2020-1-6','SURAT','AHMEDABAD','02:00 PM',45);
INSERT INTO bus values('GJ3234','2020-1-7','AHMEDABAD','SURAT','02:00 PM',45);


INSERT INTO bus values('GJ4234','2020-1-1','SURAT','AHMEDABAD','08:00 PM',45);
INSERT INTO bus values('GJ4234','2020-1-2','AHMEDABAD','SURAT','08:00 PM',45);
INSERT INTO bus values('GJ4234','2020-1-3','SURAT','AHMEDABAD','08:00 PM',45);
INSERT INTO bus values('GJ4234','2020-1-4','AHMEDABAD','SURAT','08:00 PM',45);
INSERT INTO bus values('GJ4234','2020-1-5','SURAT','AHMEDABAD','08:00 PM',45);
INSERT INTO bus values('GJ4234','2020-1-6','AHMEDABAD','SURAT','08:00 PM',45);
INSERT INTO bus values('GJ4234','2020-1-7','AHMEDABAD','SURAT','08:00 PM',45);




/*MAHARASRA*/
INSERT INTO bus values('MH1234','2020-1-1','MUMBAI','PUNE','09:00 AM',45);
INSERT INTO bus values('MH1234','2020-1-2','PUNE','MUMBAI','09:00 AM',45);
INSERT INTO bus values('MH1234','2020-1-3','MUMBAI','PUNE','09:00 AM',45);
INSERT INTO bus values('MH1234','2020-1-4','PUNE','MUMBAI','09:00 AM',45);
INSERT INTO bus values('MH1234','2020-1-5','MUMBAI','PUNE','09:00 AM',45);
INSERT INTO bus values('MH1234','2020-1-6','PUNE','MUMBAI','09:00 AM',45);
INSERT INTO bus values('MH1234','2020-1-7','MUMBAI','PUNE','09:00 AM',45);


INSERT INTO bus values('MH2234','2020-1-1','PUNE','MUMBAI','03:00 PM',45);
INSERT INTO bus values('MH2234','2020-1-2','MUMBAI','PUNE','03:00 PM',45);
INSERT INTO bus values('MH2234','2020-1-3','PUNE','MUMBAI','03:00 PM',45);
INSERT INTO bus values('MH2234','2020-1-4','MUMBAI','PUNE','03:00 PM',45);
INSERT INTO bus values('MH2234','2020-1-5','PUNE','MUMBAI','03:00 PM',45);
INSERT INTO bus values('MH2234','2020-1-6','MUMBAI','PUNE','03:00 PM',45);
INSERT INTO bus values('MH2234','2020-1-7','MUMBAI','PUNE','03:00 PM',45);



INSERT INTO bus values('MH3234','2020-1-1','MUMBAI','PUNE','02:00 PM',45);
INSERT INTO bus values('MH3234','2020-1-2','PUNE','MUMBAI','02:00 PM',45);
INSERT INTO bus values('MH3234','2020-1-3','MUMBAI','PUNE','02:00 PM',45);
INSERT INTO bus values('MH3234','2020-1-4','PUNE','MUMBAI','02:00 PM',45);
INSERT INTO bus values('MH3234','2020-1-5','MUMBAI','PUNE','02:00 PM',45);
INSERT INTO bus values('MH3234','2020-1-6','PUNE','MUMBAI','02:00 PM',45);
INSERT INTO bus values('MH3234','2020-1-7','MUMBAI','PUNE','02:00 PM',45);


INSERT INTO bus values('MH4234','2020-1-1','PUNE','MUMBAI','11:00 PM',45);
INSERT INTO bus values('MH4234','2020-1-2','MUMBAI','PUNE','11:00 PM',45);
INSERT INTO bus values('MH4234','2020-1-3','PUNE','MUMBAI','11:00 PM',45);
INSERT INTO bus values('MH4234','2020-1-4','MUMBAI','PUNE','11:00 PM',45);
INSERT INTO bus values('MH4234','2020-1-5','PUNE','MUMBAI','11:00 PM',45);
INSERT INTO bus values('MH4234','2020-1-6','MUMBAI','PUNE','11:00 PM',45);
INSERT INTO bus values('MH4234','2020-1-7','MUMBAI','PUNE','11:00 PM',45);



/*MADHYA PRADESH*/

INSERT INTO bus values('MP1234','2020-1-1','INDORE','BHOPAL','10:00 AM',45);
INSERT INTO bus values('MP1234','2020-1-2','BHOPAL','INDORE','10:00 AM',45);
INSERT INTO bus values('MP1234','2020-1-3','INDORE','BHOPAL','10:00 AM',45);
INSERT INTO bus values('MP1234','2020-1-4','BHOPAL','INDORE','10:00 AM',45);
INSERT INTO bus values('MP1234','2020-1-5','INDORE','BHOPAL','10:00 AM',45);
INSERT INTO bus values('MP1234','2020-1-6','BHOPAL','INDORE','10:00 AM',45);
INSERT INTO bus values('MP1234','2020-1-7','INDORE','BHOPAL','10:00 AM',45);


INSERT INTO bus values('MP2234','2020-1-1','BHOPAL','INDORE','04:00 PM',45);
INSERT INTO bus values('MP2234','2020-1-2','INDORE','BHOPAL','04:00 PM',45);
INSERT INTO bus values('MP2234','2020-1-3','BHOPAL','INDORE','04:00 PM',45);
INSERT INTO bus values('MP2234','2020-1-4','INDORE','BHOPAL','04:00 PM',45);
INSERT INTO bus values('MP2234','2020-1-5','BHOPAL','INDORE','04:00 PM',45);
INSERT INTO bus values('MP2234','2020-1-6','INDORE','BHOPAL','04:00 PM',45);
INSERT INTO bus values('MP2234','2020-1-7','INDORE','BHOPAL','04:00 PM',45);



INSERT INTO bus values('MP3234','2020-1-1','INDORE','BHOPAL','02:00 PM',45);
INSERT INTO bus values('MP3234','2020-1-2','BHOPAL','INDORE','02:00 PM',45);
INSERT INTO bus values('MP3234','2020-1-3','INDORE','BHOPAL','02:00 PM',45);
INSERT INTO bus values('MP3234','2020-1-4','BHOPAL','INDORE','02:00 PM',45);
INSERT INTO bus values('MP3234','2020-1-5','INDORE','BHOPAL','02:00 PM',45);
INSERT INTO bus values('MP3234','2020-1-6','BHOPAL','INDORE','02:00 PM',45);
INSERT INTO bus values('MP3234','2020-1-7','INDORE','BHOPAL','02:00 PM',45);


INSERT INTO bus values('MP4234','2020-1-1','BHOPAL','INDORE','08:00 PM',45);
INSERT INTO bus values('MP4234','2020-1-2','INDORE','BHOPAL','08:00 PM',45);
INSERT INTO bus values('MP4234','2020-1-3','BHOPAL','INDORE','08:00 PM',45);
INSERT INTO bus values('MP4234','2020-1-4','INDORE','BHOPAL','08:00 PM',45);
INSERT INTO bus values('MP4234','2020-1-5','BHOPAL','INDORE','08:00 PM',45);
INSERT INTO bus values('MP4234','2020-1-6','INDORE','BHOPAL','08:00 PM',45);
INSERT INTO bus values('MP4234','2020-1-7','INDORE','BHOPAL','08:00 PM',45);





/*TELANGANA*/

INSERT INTO bus values('TS1234','2020-1-1','HYDERABAD','WARANGAL','09:00 AM',45);
INSERT INTO bus values('TS1234','2020-1-2','WARANGAL','HYDERABAD','09:00 AM',45);
INSERT INTO bus values('TS1234','2020-1-3','HYDERABAD','WARANGAL','09:00 AM',45);
INSERT INTO bus values('TS1234','2020-1-4','WARANGAL','HYDERABAD','09:00 AM',45);
INSERT INTO bus values('TS1234','2020-1-5','HYDERABAD','WARANGAL','09:00 AM',45);
INSERT INTO bus values('TS1234','2020-1-6','WARANGAL','HYDERABAD','09:00 AM',45);
INSERT INTO bus values('TS1234','2020-1-7','HYDERABAD','WARANGAL','09:00 AM',45);


INSERT INTO bus values('TS2234','2020-1-1','WARANGAL','HYDERABAD','03:00 PM',45);
INSERT INTO bus values('TS2234','2020-1-2','HYDERABAD','WARANGAL','03:00 PM',45);
INSERT INTO bus values('TS2234','2020-1-3','WARANGAL','HYDERABAD','03:00 PM',45);
INSERT INTO bus values('TS2234','2020-1-4','HYDERABAD','WARANGAL','03:00 PM',45);
INSERT INTO bus values('TS2234','2020-1-5','WARANGAL','HYDERABAD','03:00 PM',45);
INSERT INTO bus values('TS2234','2020-1-6','HYDERABAD','WARANGAL','03:00 PM',45);
INSERT INTO bus values('TS2234','2020-1-7','HYDERABAD','WARANGAL','03:00 PM',45);



INSERT INTO bus values('TS3234','2020-1-1','HYDERABAD','WARANGAL','02:00 PM',45);
INSERT INTO bus values('TS3234','2020-1-2','WARANGAL','HYDERABAD','02:00 PM',45);
INSERT INTO bus values('TS3234','2020-1-3','HYDERABAD','WARANGAL','02:00 PM',45);
INSERT INTO bus values('TS3234','2020-1-4','WARANGAL','HYDERABAD','02:00 PM',45);
INSERT INTO bus values('TS3234','2020-1-5','HYDERABAD','WARANGAL','02:00 PM',45);
INSERT INTO bus values('TS3234','2020-1-6','WARANGAL','HYDERABAD','02:00 PM',45);
INSERT INTO bus values('TS3234','2020-1-7','HYDERABAD','WARANGAL','02:00 PM',45);


INSERT INTO bus values('TS4234','2020-1-1','WARANGAL','HYDERABAD','11:00 PM',45);
INSERT INTO bus values('TS4234','2020-1-2','HYDERABAD','WARANGAL','11:00 PM',45);
INSERT INTO bus values('TS4234','2020-1-3','WARANGAL','HYDERABAD','11:00 PM',45);
INSERT INTO bus values('TS4234','2020-1-4','HYDERABAD','WARANGAL','11:00 PM',45);
INSERT INTO bus values('TS4234','2020-1-5','WARANGAL','HYDERABAD','11:00 PM',45);
INSERT INTO bus values('TS4234','2020-1-6','HYDERABAD','WARANGAL','11:00 PM',45);
INSERT INTO bus values('TS4234','2020-1-7','HYDERABAD','WARANGAL','11:00 PM',45);






/*TAMIL NADU*/
INSERT INTO bus values('TN1234','2020-1-1','CHENNAI','MADHHURAI','10:00 AM',45);
INSERT INTO bus values('TN1234','2020-1-2','MADHHURAI','CHENNAI','10:00 AM',45);
INSERT INTO bus values('TN1234','2020-1-3','CHENNAI','MADHHURAI','10:00 AM',45);
INSERT INTO bus values('TN1234','2020-1-4','MADHHURAI','CHENNAI','10:00 AM',45);
INSERT INTO bus values('TN1234','2020-1-5','CHENNAI','MADHHURAI','10:00 AM',45);
INSERT INTO bus values('TN1234','2020-1-6','MADHHURAI','CHENNAI','10:00 AM',45);
INSERT INTO bus values('TN1234','2020-1-7','CHENNAI','MADHHURAI','10:00 AM',45);


INSERT INTO bus values('TN2234','2020-1-1','MADHHURAI','CHENNAI','04:00 PM',45);
INSERT INTO bus values('TN2234','2020-1-2','CHENNAI','MADHHURAI','04:00 PM',45);
INSERT INTO bus values('TN2234','2020-1-3','MADHHURAI','CHENNAI','04:00 PM',45);
INSERT INTO bus values('TN2234','2020-1-4','CHENNAI','MADHHURAI','04:00 PM',45);
INSERT INTO bus values('TN2234','2020-1-5','MADHHURAI','CHENNAI','04:00 PM',45);
INSERT INTO bus values('TN2234','2020-1-6','CHENNAI','MADHHURAI','04:00 PM',45);
INSERT INTO bus values('TN2234','2020-1-7','CHENNAI','MADHHURAI','04:00 PM',45);



INSERT INTO bus values('TN3234','2020-1-1','CHENNAI','MADHHURAI','02:00 PM',45);
INSERT INTO bus values('TN3234','2020-1-2','MADHHURAI','CHENNAI','02:00 PM',45);
INSERT INTO bus values('TN3234','2020-1-3','CHENNAI','MADHHURAI','02:00 PM',45);
INSERT INTO bus values('TN3234','2020-1-4','MADHHURAI','CHENNAI','02:00 PM',45);
INSERT INTO bus values('TN3234','2020-1-5','CHENNAI','MADHHURAI','02:00 PM',45);
INSERT INTO bus values('TN3234','2020-1-6','MADHHURAI','CHENNAI','02:00 PM',45);
INSERT INTO bus values('TN3234','2020-1-7','CHENNAI','MADHHURAI','02:00 PM',45);


INSERT INTO bus values('TN4234','2020-1-1','MADHHURAI','CHENNAI','08:00 PM',45);
INSERT INTO bus values('TN4234','2020-1-2','CHENNAI','MADHHURAI','08:00 PM',45);
INSERT INTO bus values('TN4234','2020-1-3','MADHHURAI','CHENNAI','08:00 PM',45);
INSERT INTO bus values('TN4234','2020-1-4','CHENNAI','MADHHURAI','08:00 PM',45);
INSERT INTO bus values('TN4234','2020-1-5','MADHHURAI','CHENNAI','08:00 PM',45);
INSERT INTO bus values('TN4234','2020-1-6','CHENNAI','MADHHURAI','08:00 PM',45);
INSERT INTO bus values('TN4234','2020-1-7','CHENNAI','MADHHURAI','08:00 PM',45);









/*UTTAR PRADESH*/
INSERT INTO bus values('UP1234','2020-1-1','AGRA','LUCKNOW','09:00 AM',45);
INSERT INTO bus values('UP1234','2020-1-2','LUCKNOW','AGRA','09:00 AM',45);
INSERT INTO bus values('UP1234','2020-1-3','AGRA','LUCKNOW','09:00 AM',45);
INSERT INTO bus values('UP1234','2020-1-4','LUCKNOW','AGRA','09:00 AM',45);
INSERT INTO bus values('UP1234','2020-1-5','AGRA','LUCKNOW','09:00 AM',45);
INSERT INTO bus values('UP1234','2020-1-6','LUCKNOW','AGRA','09:00 AM',45);
INSERT INTO bus values('UP1234','2020-1-7','AGRA','LUCKNOW','09:00 AM',45);


INSERT INTO bus values('UP2234','2020-1-1','LUCKNOW','AGRA','03:00 PM',45);
INSERT INTO bus values('UP2234','2020-1-2','AGRA','LUCKNOW','03:00 PM',45);
INSERT INTO bus values('UP2234','2020-1-3','LUCKNOW','AGRA','03:00 PM',45);
INSERT INTO bus values('UP2234','2020-1-4','AGRA','LUCKNOW','03:00 PM',45);
INSERT INTO bus values('UP2234','2020-1-5','LUCKNOW','AGRA','03:00 PM',45);
INSERT INTO bus values('UP2234','2020-1-6','AGRA','LUCKNOW','03:00 PM',45);
INSERT INTO bus values('UP2234','2020-1-7','AGRA','LUCKNOW','03:00 PM',45);



INSERT INTO bus values('UP3234','2020-1-1','AGRA','LUCKNOW','02:00 PM',45);
INSERT INTO bus values('UP3234','2020-1-2','LUCKNOW','AGRA','02:00 PM',45);
INSERT INTO bus values('UP3234','2020-1-3','AGRA','LUCKNOW','02:00 PM',45);
INSERT INTO bus values('UP3234','2020-1-4','LUCKNOW','AGRA','02:00 PM',45);
INSERT INTO bus values('UP3234','2020-1-5','AGRA','LUCKNOW','02:00 PM',45);
INSERT INTO bus values('UP3234','2020-1-6','LUCKNOW','AGRA','02:00 PM',45);
INSERT INTO bus values('UP3234','2020-1-7','AGRA','LUCKNOW','02:00 PM',45);


INSERT INTO bus values('UP4234','2020-1-1','LUCKNOW','AGRA','11:00 PM',45);
INSERT INTO bus values('UP4234','2020-1-2','AGRA','LUCKNOW','11:00 PM',45);
INSERT INTO bus values('UP4234','2020-1-3','LUCKNOW','AGRA','11:00 PM',45);
INSERT INTO bus values('UP4234','2020-1-4','AGRA','LUCKNOW','11:00 PM',45);
INSERT INTO bus values('UP4234','2020-1-5','LUCKNOW','AGRA','11:00 PM',45);
INSERT INTO bus values('UP4234','2020-1-6','AGRA','LUCKNOW','11:00 PM',45);
INSERT INTO bus values('UP4234','2020-1-7','AGRA','LUCKNOW','11:00 PM',45);







/*PUNJAB*/
INSERT INTO bus values('PN1234','2020-1-1','CHANDHI GARH','MOHALI','10:00 AM',45);
INSERT INTO bus values('PN1234','2020-1-2','MOHALI','CHANDHI GARH','10:00 AM',45);
INSERT INTO bus values('PN1234','2020-1-3','CHANDHI GARH','MOHALI','10:00 AM',45);
INSERT INTO bus values('PN1234','2020-1-4','MOHALI','CHANDHI GARH','10:00 AM',45);
INSERT INTO bus values('PN1234','2020-1-5','CHANDHI GARH','MOHALI','10:00 AM',45);
INSERT INTO bus values('PN1234','2020-1-6','MOHALI','CHANDHI GARH','10:00 AM',45);
INSERT INTO bus values('PN1234','2020-1-7','CHANDHI GARH','MOHALI','10:00 AM',45);


INSERT INTO bus values('PN2234','2020-1-1','MOHALI','CHANDHI GARH','04:00 PM',45);
INSERT INTO bus values('PN2234','2020-1-2','CHANDHI GARH','MOHALI','04:00 PM',45);
INSERT INTO bus values('PN2234','2020-1-3','MOHALI','CHANDHI GARH','04:00 PM',45);
INSERT INTO bus values('PN2234','2020-1-4','CHANDHI GARH','MOHALI','04:00 PM',45);
INSERT INTO bus values('PN2234','2020-1-5','MOHALI','CHANDHI GARH','04:00 PM',45);
INSERT INTO bus values('PN2234','2020-1-6','CHANDHI GARH','MOHALI','04:00 PM',45);
INSERT INTO bus values('PN2234','2020-1-7','CHANDHI GARH','MOHALI','04:00 PM',45);



INSERT INTO bus values('PN3234','2020-1-1','CHANDHI GARH','MOHALI','02:00 PM',45);
INSERT INTO bus values('PN3234','2020-1-2','MOHALI','CHANDHI GARH','02:00 PM',45);
INSERT INTO bus values('PN3234','2020-1-3','CHANDHI GARH','MOHALI','02:00 PM',45);
INSERT INTO bus values('PN3234','2020-1-4','MOHALI','CHANDHI GARH','02:00 PM',45);
INSERT INTO bus values('PN3234','2020-1-5','CHANDHI GARH','MOHALI','02:00 PM',45);
INSERT INTO bus values('PN3234','2020-1-6','MOHALI','CHANDHI GARH','02:00 PM',45);
INSERT INTO bus values('PN3234','2020-1-7','CHANDHI GARH','MOHALI','02:00 PM',45);


INSERT INTO bus values('PN4234','2020-1-1','MOHALI','CHANDHI GARH','08:00 PM',45);
INSERT INTO bus values('PN4234','2020-1-2','CHANDHI GARH','MOHALI','08:00 PM',45);
INSERT INTO bus values('PN4234','2020-1-3','MOHALI','CHANDHI GARH','08:00 PM',45);
INSERT INTO bus values('PN4234','2020-1-4','CHANDHI GARH','MOHALI','08:00 PM',45);
INSERT INTO bus values('PN4234','2020-1-5','MOHALI','CHANDHI GARH','08:00 PM',45);
INSERT INTO bus values('PN4234','2020-1-6','CHANDHI GARH','MOHALI','08:00 PM',45);
INSERT INTO bus values('PN4234','2020-1-7','CHANDHI GARH','MOHALI','08:00 PM',45);






/*HARYANA*/


/*BIHAR*/

INSERT INTO bus values('BR1234','2020-1-1','GAYA','PATNA','09:00 AM',45);
INSERT INTO bus values('BR1234','2020-1-2','PATNA','GAYA','09:00 AM',45);
INSERT INTO bus values('BR1234','2020-1-3','GAYA','PATNA','09:00 AM',45);
INSERT INTO bus values('BR1234','2020-1-4','PATNA','GAYA','09:00 AM',45);
INSERT INTO bus values('BR1234','2020-1-5','GAYA','PATNA','09:00 AM',45);
INSERT INTO bus values('BR1234','2020-1-6','PATNA','GAYA','09:00 AM',45);
INSERT INTO bus values('BR1234','2020-1-7','GAYA','PATNA','09:00 AM',45);


INSERT INTO bus values('BR2234','2020-1-1','PATNA','GAYA','03:00 PM',45);
INSERT INTO bus values('BR2234','2020-1-2','GAYA','PATNA','03:00 PM',45);
INSERT INTO bus values('BR2234','2020-1-3','PATNA','GAYA','03:00 PM',45);
INSERT INTO bus values('BR2234','2020-1-4','GAYA','PATNA','03:00 PM',45);
INSERT INTO bus values('BR2234','2020-1-5','PATNA','GAYA','03:00 PM',45);
INSERT INTO bus values('BR2234','2020-1-6','GAYA','PATNA','03:00 PM',45);
INSERT INTO bus values('BR2234','2020-1-7','GAYA','PATNA','03:00 PM',45);



INSERT INTO bus values('BR3234','2020-1-1','GAYA','PATNA','02:00 PM',45);
INSERT INTO bus values('BR3234','2020-1-2','PATNA','GAYA','02:00 PM',45);
INSERT INTO bus values('BR3234','2020-1-3','GAYA','PATNA','02:00 PM',45);
INSERT INTO bus values('BR3234','2020-1-4','PATNA','GAYA','02:00 PM',45);
INSERT INTO bus values('BR3234','2020-1-5','GAYA','PATNA','02:00 PM',45);
INSERT INTO bus values('BR3234','2020-1-6','PATNA','GAYA','02:00 PM',45);
INSERT INTO bus values('BR3234','2020-1-7','GAYA','PATNA','02:00 PM',45);


INSERT INTO bus values('BR4234','2020-1-1','PATNA','GAYA','11:00 PM',45);
INSERT INTO bus values('BR4234','2020-1-2','GAYA','PATNA','11:00 PM',45);
INSERT INTO bus values('BR4234','2020-1-3','PATNA','GAYA','11:00 PM',45);
INSERT INTO bus values('BR4234','2020-1-4','GAYA','PATNA','11:00 PM',45);
INSERT INTO bus values('BR4234','2020-1-5','PATNA','GAYA','11:00 PM',45);
INSERT INTO bus values('BR4234','2020-1-6','GAYA','PATNA','11:00 PM',45);
INSERT INTO bus values('BR4234','2020-1-7','GAYA','PATNA','11:00 PM',45);








/*JHARKHAND*/
INSERT INTO bus values('JH1234','2020-1-1','RANCHI','DHANBAD','10:00 AM',45);
INSERT INTO bus values('JH1234','2020-1-2','DHANBAD','RANCHI','10:00 AM',45);
INSERT INTO bus values('JH1234','2020-1-3','RANCHI','DHANBAD','10:00 AM',45);
INSERT INTO bus values('JH1234','2020-1-4','DHANBAD','RANCHI','10:00 AM',45);
INSERT INTO bus values('JH1234','2020-1-5','RANCHI','DHANBAD','10:00 AM',45);
INSERT INTO bus values('JH1234','2020-1-6','DHANBAD','RANCHI','10:00 AM',45);
INSERT INTO bus values('JH1234','2020-1-7','RANCHI','DHANBAD','10:00 AM',45);


INSERT INTO bus values('JH2234','2020-1-1','DHANBAD','RANCHI','04:00 PM',45);
INSERT INTO bus values('JH2234','2020-1-2','RANCHI','DHANBAD','04:00 PM',45);
INSERT INTO bus values('JH2234','2020-1-3','DHANBAD','RANCHI','04:00 PM',45);
INSERT INTO bus values('JH2234','2020-1-4','RANCHI','DHANBAD','04:00 PM',45);
INSERT INTO bus values('JH2234','2020-1-5','DHANBAD','RANCHI','04:00 PM',45);
INSERT INTO bus values('JH2234','2020-1-6','RANCHI','DHANBAD','04:00 PM',45);
INSERT INTO bus values('JH2234','2020-1-7','RANCHI','DHANBAD','04:00 PM',45);



INSERT INTO bus values('JH3234','2020-1-1','RANCHI','DHANBAD','02:00 PM',45);
INSERT INTO bus values('JH3234','2020-1-2','DHANBAD','RANCHI','02:00 PM',45);
INSERT INTO bus values('JH3234','2020-1-3','RANCHI','DHANBAD','02:00 PM',45);
INSERT INTO bus values('JH3234','2020-1-4','DHANBAD','RANCHI','02:00 PM',45);
INSERT INTO bus values('JH3234','2020-1-5','RANCHI','DHANBAD','02:00 PM',45);
INSERT INTO bus values('JH3234','2020-1-6','DHANBAD','RANCHI','02:00 PM',45);
INSERT INTO bus values('JH3234','2020-1-7','RANCHI','DHANBAD','02:00 PM',45);


INSERT INTO bus values('JH4234','2020-1-1','DHANBAD','RANCHI','08:00 PM',45);
INSERT INTO bus values('JH4234','2020-1-2','RANCHI','DHANBAD','08:00 PM',45);
INSERT INTO bus values('JH4234','2020-1-3','DHANBAD','RANCHI','08:00 PM',45);
INSERT INTO bus values('JH4234','2020-1-4','RANCHI','DHANBAD','08:00 PM',45);
INSERT INTO bus values('JH4234','2020-1-5','DHANBAD','RANCHI','08:00 PM',45);
INSERT INTO bus values('JH4234','2020-1-6','RANCHI','DHANBAD','08:00 PM',45);
INSERT INTO bus values('JH4234','2020-1-7','RANCHI','DHANBAD','08:00 PM',45);







/*KERALA-COCHIN*/

/*WEST BENGAL*/
INSERT INTO bus values('WB1234','2020-1-1','KHARAGPUR','KOLKATA','09:00 AM',45);
INSERT INTO bus values('WB1234','2020-1-2','KOLKATA','KHARAGPUR','09:00 AM',45);
INSERT INTO bus values('WB1234','2020-1-3','KHARAGPUR','KOLKATA','09:00 AM',45);
INSERT INTO bus values('WB1234','2020-1-4','KOLKATA','KHARAGPUR','09:00 AM',45);
INSERT INTO bus values('WB1234','2020-1-5','KHARAGPUR','KOLKATA','09:00 AM',45);
INSERT INTO bus values('WB1234','2020-1-6','KOLKATA','KHARAGPUR','09:00 AM',45);
INSERT INTO bus values('WB1234','2020-1-7','KHARAGPUR','KOLKATA','09:00 AM',45);


INSERT INTO bus values('WB2234','2020-1-1','KOLKATA','KHARAGPUR','03:00 PM',45);
INSERT INTO bus values('WB2234','2020-1-2','KHARAGPUR','KOLKATA','03:00 PM',45);
INSERT INTO bus values('WB2234','2020-1-3','KOLKATA','KHARAGPUR','03:00 PM',45);
INSERT INTO bus values('WB2234','2020-1-4','KHARAGPUR','KOLKATA','03:00 PM',45);
INSERT INTO bus values('WB2234','2020-1-5','KOLKATA','KHARAGPUR','03:00 PM',45);
INSERT INTO bus values('WB2234','2020-1-6','KHARAGPUR','KOLKATA','03:00 PM',45);
INSERT INTO bus values('WB2234','2020-1-7','KHARAGPUR','KOLKATA','03:00 PM',45);



INSERT INTO bus values('WB3234','2020-1-1','KHARAGPUR','KOLKATA','02:00 PM',45);
INSERT INTO bus values('WB3234','2020-1-2','KOLKATA','KHARAGPUR','02:00 PM',45);
INSERT INTO bus values('WB3234','2020-1-3','KHARAGPUR','KOLKATA','02:00 PM',45);
INSERT INTO bus values('WB3234','2020-1-4','KOLKATA','KHARAGPUR','02:00 PM',45);
INSERT INTO bus values('WB3234','2020-1-5','KHARAGPUR','KOLKATA','02:00 PM',45);
INSERT INTO bus values('WB3234','2020-1-6','KOLKATA','KHARAGPUR','02:00 PM',45);
INSERT INTO bus values('WB3234','2020-1-7','KHARAGPUR','KOLKATA','02:00 PM',45);


INSERT INTO bus values('WB4234','2020-1-1','KOLKATA','KHARAGPUR','11:00 PM',45);
INSERT INTO bus values('WB4234','2020-1-2','KHARAGPUR','KOLKATA','11:00 PM',45);
INSERT INTO bus values('WB4234','2020-1-3','KOLKATA','KHARAGPUR','11:00 PM',45);
INSERT INTO bus values('WB4234','2020-1-4','KHARAGPUR','KOLKATA','11:00 PM',45);
INSERT INTO bus values('WB4234','2020-1-5','KOLKATA','KHARAGPUR','11:00 PM',45);
INSERT INTO bus values('WB4234','2020-1-6','KHARAGPUR','KOLKATA','11:00 PM',45);
INSERT INTO bus values('WB4234','2020-1-7','KHARAGPUR','KOLKATA','11:00 PM',45);








/*GOA-PANAJI*/
/*SIKKIM-GANGTOK*/
/*ASSAM-DISPUR*/













/*****BUS*****/

/**empty buses**/
INSERT INTO bus values('RJ5782','2020-1-1','RAJASTHAN',null,null,null);
INSERT INTO bus values('RJ5782','2020-1-2','RAJASTHAN',null,null,null);
INSERT INTO bus values('RJ5782','2020-1-3','RAJASTHAN',null,null,null);
INSERT INTO bus values('RJ5782','2020-1-4','RAJASTHAN',null,null,null);
INSERT INTO bus values('RJ5782','2020-1-5','RAJASTHAN',null,null,null);
INSERT INTO bus values('RJ5782','2020-1-6','RAJASTHAN',null,null,null);
INSERT INTO bus values('RJ5782','2020-1-7','RAJASTHAN',null,null,null);


INSERT INTO bus values('RJ9783','2020-1-1','RAJASTHAN',null,null,null);
INSERT INTO bus values('RJ9783','2020-1-2','RAJASTHAN',null,null,null);
INSERT INTO bus values('RJ9783','2020-1-3','RAJASTHAN',null,null,null);
INSERT INTO bus values('RJ9783','2020-1-4','RAJASTHAN',null,null,null);
INSERT INTO bus values('RJ9783','2020-1-5','RAJASTHAN',null,null,null);
INSERT INTO bus values('RJ9783','2020-1-6','RAJASTHAN',null,null,null);
INSERT INTO bus values('RJ9783','2020-1-7','RAJASTHAN',null,null,null);






INSERT INTO bus values('GJ5782','2020-1-1','GUJARAT',null,null,null);
INSERT INTO bus values('GJ5782','2020-1-2','GUJARAT',null,null,null);
INSERT INTO bus values('GJ5782','2020-1-3','GUJARAT',null,null,null);
INSERT INTO bus values('GJ5782','2020-1-4','GUJARAT',null,null,null);
INSERT INTO bus values('GJ5782','2020-1-5','GUJARAT',null,null,null);
INSERT INTO bus values('GJ5782','2020-1-6','GUJARAT',null,null,null);
INSERT INTO bus values('GJ5782','2020-1-7','GUJARAT',null,null,null);


INSERT INTO bus values('GJ9783','2020-1-1','GUJARAT',null,null,null);
INSERT INTO bus values('GJ9783','2020-1-2','GUJARAT',null,null,null);
INSERT INTO bus values('GJ9783','2020-1-3','GUJARAT',null,null,null);
INSERT INTO bus values('GJ9783','2020-1-4','GUJARAT',null,null,null);
INSERT INTO bus values('GJ9783','2020-1-5','GUJARAT',null,null,null);
INSERT INTO bus values('GJ9783','2020-1-6','GUJARAT',null,null,null);
INSERT INTO bus values('GJ9783','2020-1-7','GUJARAT',null,null,null);





INSERT INTO bus values('MH5782','2020-1-1','MAHARASHTRA',null,null,null);
INSERT INTO bus values('MH5782','2020-1-2','MAHARASHTRA',null,null,null);
INSERT INTO bus values('MH5782','2020-1-3','MAHARASHTRA',null,null,null);
INSERT INTO bus values('MH5782','2020-1-4','MAHARASHTRA',null,null,null);
INSERT INTO bus values('MH5782','2020-1-5','MAHARASHTRA',null,null,null);
INSERT INTO bus values('MH5782','2020-1-6','MAHARASHTRA',null,null,null);
INSERT INTO bus values('MH5782','2020-1-7','MAHARASHTRA',null,null,null);


INSERT INTO bus values('MH9783','2020-1-1','MAHARASHTRA',null,null,null);
INSERT INTO bus values('MH9783','2020-1-2','MAHARASHTRA',null,null,null);
INSERT INTO bus values('MH9783','2020-1-3','MAHARASHTRA',null,null,null);
INSERT INTO bus values('MH9783','2020-1-4','MAHARASHTRA',null,null,null);
INSERT INTO bus values('MH9783','2020-1-5','MAHARASHTRA',null,null,null);
INSERT INTO bus values('MH9783','2020-1-6','MAHARASHTRA',null,null,null);
INSERT INTO bus values('MH9783','2020-1-7','MAHARASHTRA',null,null,null);





/*'GOA'*/
INSERT INTO bus values('GN5782','2020-1-1','GOA',null,null,null);
INSERT INTO bus values('GN5782','2020-1-2','GOA',null,null,null);
INSERT INTO bus values('GN5782','2020-1-3','GOA',null,null,null);
INSERT INTO bus values('GN5782','2020-1-4','GOA',null,null,null);
INSERT INTO bus values('GN5782','2020-1-5','GOA',null,null,null);
INSERT INTO bus values('GN5782','2020-1-6','GOA',null,null,null);
INSERT INTO bus values('GN5782','2020-1-7','GOA',null,null,null);


INSERT INTO bus values('GN9783','2020-1-1','GOA',null,null,null);
INSERT INTO bus values('GN9783','2020-1-2','GOA',null,null,null);
INSERT INTO bus values('GN9783','2020-1-3','GOA',null,null,null);
INSERT INTO bus values('GN9783','2020-1-4','GOA',null,null,null);
INSERT INTO bus values('GN9783','2020-1-5','GOA',null,null,null);
INSERT INTO bus values('GN9783','2020-1-6','GOA',null,null,null);
INSERT INTO bus values('GN9783','2020-1-7','GOA',null,null,null);



INSERT INTO bus values('KL5782','2020-1-1','KERALA',null,null,null);
INSERT INTO bus values('KL5782','2020-1-2','KERALA',null,null,null);
INSERT INTO bus values('KL5782','2020-1-3','KERALA',null,null,null);
INSERT INTO bus values('KL5782','2020-1-4','KERALA',null,null,null);
INSERT INTO bus values('KL5782','2020-1-5','KERALA',null,null,null);
INSERT INTO bus values('KL5782','2020-1-6','KERALA',null,null,null);
INSERT INTO bus values('KL5782','2020-1-7','KERALA',null,null,null);


INSERT INTO bus values('KL9783','2020-1-1','KERALA',null,null,null);
INSERT INTO bus values('KL9783','2020-1-2','KERALA',null,null,null);
INSERT INTO bus values('KL9783','2020-1-3','KERALA',null,null,null);
INSERT INTO bus values('KL9783','2020-1-4','KERALA',null,null,null);
INSERT INTO bus values('KL9783','2020-1-5','KERALA',null,null,null);
INSERT INTO bus values('KL9783','2020-1-6','KERALA',null,null,null);
INSERT INTO bus values('KL9783','2020-1-7','KERALA',null,null,null);





INSERT INTO bus values('MP5782','2020-1-1','MADHYA PRADESH',null,null,null);
INSERT INTO bus values('MP5782','2020-1-2','MADHYA PRADESH',null,null,null);
INSERT INTO bus values('MP5782','2020-1-3','MADHYA PRADESH',null,null,null);
INSERT INTO bus values('MP5782','2020-1-4','MADHYA PRADESH',null,null,null);
INSERT INTO bus values('MP5782','2020-1-5','MADHYA PRADESH',null,null,null);
INSERT INTO bus values('MP5782','2020-1-6','MADHYA PRADESH',null,null,null);
INSERT INTO bus values('MP5782','2020-1-7','MADHYA PRADESH',null,null,null);


INSERT INTO bus values('MP9783','2020-1-1','MADHYA PRADESH',null,null,null);
INSERT INTO bus values('MP9783','2020-1-2','MADHYA PRADESH',null,null,null);
INSERT INTO bus values('MP9783','2020-1-3','MADHYA PRADESH',null,null,null);
INSERT INTO bus values('MP9783','2020-1-4','MADHYA PRADESH',null,null,null);
INSERT INTO bus values('MP9783','2020-1-5','MADHYA PRADESH',null,null,null);
INSERT INTO bus values('MP9783','2020-1-6','MADHYA PRADESH',null,null,null);
INSERT INTO bus values('MP9783','2020-1-7','MADHYA PRADESH',null,null,null);




INSERT INTO bus values('UP5782','2020-1-1','UTTAR_PRADESH',null,null,null);
INSERT INTO bus values('UP5782','2020-1-2','UTTAR_PRADESH',null,null,null);
INSERT INTO bus values('UP5782','2020-1-3','UTTAR_PRADESH',null,null,null);
INSERT INTO bus values('UP5782','2020-1-4','UTTAR_PRADESH',null,null,null);
INSERT INTO bus values('UP5782','2020-1-5','UTTAR_PRADESH',null,null,null);
INSERT INTO bus values('UP5782','2020-1-6','UTTAR_PRADESH',null,null,null);
INSERT INTO bus values('UP5782','2020-1-7','UTTAR_PRADESH',null,null,null);


INSERT INTO bus values('UP9783','2020-1-1','UTTAR_PRADESH',null,null,null);
INSERT INTO bus values('UP9783','2020-1-2','UTTAR_PRADESH',null,null,null);
INSERT INTO bus values('UP9783','2020-1-3','UTTAR_PRADESH',null,null,null);
INSERT INTO bus values('UP9783','2020-1-4','UTTAR_PRADESH',null,null,null);
INSERT INTO bus values('UP9783','2020-1-5','UTTAR_PRADESH',null,null,null);
INSERT INTO bus values('UP9783','2020-1-6','UTTAR_PRADESH',null,null,null);
INSERT INTO bus values('UP9783','2020-1-7','UTTAR_PRADESH',null,null,null);







INSERT INTO bus values('TN5782','2020-1-1','TAMIL NADU',null,null,null);
INSERT INTO bus values('TN5782','2020-1-2','TAMIL NADU',null,null,null);
INSERT INTO bus values('TN5782','2020-1-3','TAMIL NADU',null,null,null);
INSERT INTO bus values('TN5782','2020-1-4','TAMIL NADU',null,null,null);
INSERT INTO bus values('TN5782','2020-1-5','TAMIL NADU',null,null,null);
INSERT INTO bus values('TN5782','2020-1-6','TAMIL NADU',null,null,null);
INSERT INTO bus values('TN5782','2020-1-7','TAMIL NADU',null,null,null);


INSERT INTO bus values('TN9783','2020-1-1','TAMIL NADU',null,null,null);
INSERT INTO bus values('TN9783','2020-1-2','TAMIL NADU',null,null,null);
INSERT INTO bus values('TN9783','2020-1-3','TAMIL NADU',null,null,null);
INSERT INTO bus values('TN9783','2020-1-4','TAMIL NADU',null,null,null);
INSERT INTO bus values('TN9783','2020-1-5','TAMIL NADU',null,null,null);
INSERT INTO bus values('TN9783','2020-1-6','TAMIL NADU',null,null,null);
INSERT INTO bus values('TN9783','2020-1-7','TAMIL NADU',null,null,null);





INSERT INTO bus values('WB5782','2020-1-1','WEST BENGAL',null,null,null);
INSERT INTO bus values('WB5782','2020-1-2','WEST BENGAL',null,null,null);
INSERT INTO bus values('WB5782','2020-1-3','WEST BENGAL',null,null,null);
INSERT INTO bus values('WB5782','2020-1-4','WEST BENGAL',null,null,null);
INSERT INTO bus values('WB5782','2020-1-5','WEST BENGAL',null,null,null);
INSERT INTO bus values('WB5782','2020-1-6','WEST BENGAL',null,null,null);
INSERT INTO bus values('WB5782','2020-1-7','WEST BENGAL',null,null,null);


INSERT INTO bus values('WB9783','2020-1-1','WEST BENGAL',null,null,null);
INSERT INTO bus values('WB9783','2020-1-2','WEST BENGAL',null,null,null);
INSERT INTO bus values('WB9783','2020-1-3','WEST BENGAL',null,null,null);
INSERT INTO bus values('WB9783','2020-1-4','WEST BENGAL',null,null,null);
INSERT INTO bus values('WB9783','2020-1-5','WEST BENGAL',null,null,null);
INSERT INTO bus values('WB9783','2020-1-6','WEST BENGAL',null,null,null);
INSERT INTO bus values('WB9783','2020-1-7','WEST BENGAL',null,null,null);



INSERT INTO bus values('JH5782','2020-1-1','JHARKHAND',null,null,null);
INSERT INTO bus values('JH5782','2020-1-2','JHARKHAND',null,null,null);
INSERT INTO bus values('JH5782','2020-1-3','JHARKHAND',null,null,null);
INSERT INTO bus values('JH5782','2020-1-4','JHARKHAND',null,null,null);
INSERT INTO bus values('JH5782','2020-1-5','JHARKHAND',null,null,null);
INSERT INTO bus values('JH5782','2020-1-6','JHARKHAND',null,null,null);
INSERT INTO bus values('JH5782','2020-1-7','JHARKHAND',null,null,null);


INSERT INTO bus values('JH9783','2020-1-1','JHARKHAND',null,null,null);
INSERT INTO bus values('JH9783','2020-1-2','JHARKHAND',null,null,null);
INSERT INTO bus values('JH9783','2020-1-3','JHARKHAND',null,null,null);
INSERT INTO bus values('JH9783','2020-1-4','JHARKHAND',null,null,null);
INSERT INTO bus values('JH9783','2020-1-5','JHARKHAND',null,null,null);
INSERT INTO bus values('JH9783','2020-1-6','JHARKHAND',null,null,null);
INSERT INTO bus values('JH9783','2020-1-7','JHARKHAND',null,null,null);





INSERT INTO bus values('BR5782','2020-1-1','BIHAR',null,null,null);
INSERT INTO bus values('BR5782','2020-1-2','BIHAR',null,null,null);
INSERT INTO bus values('BR5782','2020-1-3','BIHAR',null,null,null);
INSERT INTO bus values('BR5782','2020-1-4','BIHAR',null,null,null);
INSERT INTO bus values('BR5782','2020-1-5','BIHAR',null,null,null);
INSERT INTO bus values('BR5782','2020-1-6','BIHAR',null,null,null);
INSERT INTO bus values('BR5782','2020-1-7','BIHAR',null,null,null);


INSERT INTO bus values('BR9783','2020-1-1','BIHAR',null,null,null);
INSERT INTO bus values('BR9783','2020-1-2','BIHAR',null,null,null);
INSERT INTO bus values('BR9783','2020-1-3','BIHAR',null,null,null);
INSERT INTO bus values('BR9783','2020-1-4','BIHAR',null,null,null);
INSERT INTO bus values('BR9783','2020-1-5','BIHAR',null,null,null);
INSERT INTO bus values('BR9783','2020-1-6','BIHAR',null,null,null);
INSERT INTO bus values('BR9783','2020-1-7','BIHAR',null,null,null);





INSERT INTO bus values('PN5782','2020-1-1','PUNJAB',null,null,null);
INSERT INTO bus values('PN5782','2020-1-2','PUNJAB',null,null,null);
INSERT INTO bus values('PN5782','2020-1-3','PUNJAB',null,null,null);
INSERT INTO bus values('PN5782','2020-1-4','PUNJAB',null,null,null);
INSERT INTO bus values('PN5782','2020-1-5','PUNJAB',null,null,null);
INSERT INTO bus values('PN5782','2020-1-6','PUNJAB',null,null,null);
INSERT INTO bus values('PN5782','2020-1-7','PUNJAB',null,null,null);


INSERT INTO bus values('PN9783','2020-1-1','PUNJAB',null,null,null);
INSERT INTO bus values('PN9783','2020-1-2','PUNJAB',null,null,null);
INSERT INTO bus values('PN9783','2020-1-3','PUNJAB',null,null,null);
INSERT INTO bus values('PN9783','2020-1-4','PUNJAB',null,null,null);
INSERT INTO bus values('PN9783','2020-1-5','PUNJAB',null,null,null);
INSERT INTO bus values('PN9783','2020-1-6','PUNJAB',null,null,null);
INSERT INTO bus values('PN9783','2020-1-7','PUNJAB',null,null,null);




INSERT INTO bus values('TS5782','2020-1-1','TELANGANA',null,null,null);
INSERT INTO bus values('TS5782','2020-1-2','TELANGANA',null,null,null);
INSERT INTO bus values('TS5782','2020-1-3','TELANGANA',null,null,null);
INSERT INTO bus values('TS5782','2020-1-4','TELANGANA',null,null,null);
INSERT INTO bus values('TS5782','2020-1-5','TELANGANA',null,null,null);
INSERT INTO bus values('TS5782','2020-1-6','TELANGANA',null,null,null);
INSERT INTO bus values('TS5782','2020-1-7','TELANGANA',null,null,null);


INSERT INTO bus values('TS9783','2020-1-1','TELANGANA',null,null,null);
INSERT INTO bus values('TS9783','2020-1-2','TELANGANA',null,null,null);
INSERT INTO bus values('TS9783','2020-1-3','TELANGANA',null,null,null);
INSERT INTO bus values('TS9783','2020-1-4','TELANGANA',null,null,null);
INSERT INTO bus values('TS9783','2020-1-5','TELANGANA',null,null,null);
INSERT INTO bus values('TS9783','2020-1-6','TELANGANA',null,null,null);
INSERT INTO bus values('TS9783','2020-1-7','TELANGANA',null,null,null);












/*INTETRA-STATE-BUS-SCHED*/


/* RAJASTHAN TO GUJRAT*/

INSERT INTO bus values('RJ7867','2020-1-1','JAIPUR','AHMEDABAD','09:00 AM',45);
INSERT INTO bus values('RJ7867','2020-1-2','AHMEDABAD','JAIPUR','09:00 AM',45);
INSERT INTO bus values('RJ7867','2020-1-3','JAIPUR','AHMEDABAD','09:00 AM',45);
INSERT INTO bus values('RJ7867','2020-1-4','AHMEDABAD','JAIPUR','09:00 AM',45);
INSERT INTO bus values('RJ7867','2020-1-5','JAIPUR','AHMEDABAD','09:00 AM',45);
INSERT INTO bus values('RJ7867','2020-1-6','AHMEDABAD','JAIPUR','09:00 AM',45);
INSERT INTO bus values('RJ7867','2020-1-7','JAIPUR','AHMEDABAD','09:00 AM',45);


INSERT INTO bus values('HYDERABAD','2020-1-1','AHMEDABAD','JAIPUR','03:00 PM',45);
INSERT INTO bus values('HYDERABAD','2020-1-2','JAIPUR','AHMEDABAD','03:00 PM',45);
INSERT INTO bus values('HYDERABAD','2020-1-3','AHMEDABAD','JAIPUR','03:00 PM',45);
INSERT INTO bus values('HYDERABAD','2020-1-4','JAIPUR','AHMEDABAD','03:00 PM',45);
INSERT INTO bus values('HYDERABAD','2020-1-5','AHMEDABAD','JAIPUR','03:00 PM',45);
INSERT INTO bus values('HYDERABAD','2020-1-6','JAIPUR','AHMEDABAD','03:00 PM',45);
INSERT INTO bus values('HYDERABAD','2020-1-7','JAIPUR','AHMEDABAD','03:00 PM',45);



INSERT INTO bus values('RJ9519','2020-1-1','JAIPUR','AHMEDABAD','02:00 PM',45);
INSERT INTO bus values('RJ9519','2020-1-2','AHMEDABAD','JAIPUR','02:00 PM',45);
INSERT INTO bus values('RJ9519','2020-1-3','JAIPUR','AHMEDABAD','02:00 PM',45);
INSERT INTO bus values('RJ9519','2020-1-4','AHMEDABAD','JAIPUR','02:00 PM',45);
INSERT INTO bus values('RJ9519','2020-1-5','JAIPUR','AHMEDABAD','02:00 PM',45);
INSERT INTO bus values('RJ9519','2020-1-6','AHMEDABAD','JAIPUR','02:00 PM',45);
INSERT INTO bus values('RJ9519','2020-1-7','JAIPUR','AHMEDABAD','02:00 PM',45);


INSERT INTO bus values('RJ9167','2020-1-1','AHMEDABAD','JAIPUR','11:00 PM',45);
INSERT INTO bus values('RJ9167','2020-1-2','JAIPUR','AHMEDABAD','11:00 PM',45);
INSERT INTO bus values('RJ9167','2020-1-3','AHMEDABAD','JAIPUR','11:00 PM',45);
INSERT INTO bus values('RJ9167','2020-1-4','JAIPUR','AHMEDABAD','11:00 PM',45);
INSERT INTO bus values('RJ9167','2020-1-5','AHMEDABAD','JAIPUR','11:00 PM',45);
INSERT INTO bus values('RJ9167','2020-1-6','JAIPUR','AHMEDABAD','11:00 PM',45);
INSERT INTO bus values('RJ9167','2020-1-7','JAIPUR','AHMEDABAD','11:00 PM',45);







INSERT INTO bus values('RJ8158','2020-1-1','JAIPUR','SURAT','09:00 AM',45);
INSERT INTO bus values('RJ8158','2020-1-2','SURAT','JAIPUR','09:00 AM',45);
INSERT INTO bus values('RJ8158','2020-1-3','JAIPUR','SURAT','09:00 AM',45);
INSERT INTO bus values('RJ8158','2020-1-4','SURAT','JAIPUR','09:00 AM',45);
INSERT INTO bus values('RJ8158','2020-1-5','JAIPUR','SURAT','09:00 AM',45);
INSERT INTO bus values('RJ8158','2020-1-6','SURAT','JAIPUR','09:00 AM',45);
INSERT INTO bus values('RJ8158','2020-1-7','JAIPUR','SURAT','09:00 AM',45);


INSERT INTO bus values('RJ8159','2020-1-1','SURAT','JAIPUR','03:00 PM',45);
INSERT INTO bus values('RJ8159','2020-1-2','JAIPUR','SURAT','03:00 PM',45);
INSERT INTO bus values('RJ8159','2020-1-3','SURAT','JAIPUR','03:00 PM',45);
INSERT INTO bus values('RJ8159','2020-1-4','JAIPUR','SURAT','03:00 PM',45);
INSERT INTO bus values('RJ8159','2020-1-5','SURAT','JAIPUR','03:00 PM',45);
INSERT INTO bus values('RJ8159','2020-1-6','JAIPUR','SURAT','03:00 PM',45);
INSERT INTO bus values('RJ8159','2020-1-7','JAIPUR','SURAT','03:00 PM',45);



INSERT INTO bus values('RJ8160','2020-1-1','JAIPUR','SURAT','02:00 PM',45);
INSERT INTO bus values('RJ8160','2020-1-2','SURAT','JAIPUR','02:00 PM',45);
INSERT INTO bus values('RJ8160','2020-1-3','JAIPUR','SURAT','02:00 PM',45);
INSERT INTO bus values('RJ8160','2020-1-4','SURAT','JAIPUR','02:00 PM',45);
INSERT INTO bus values('RJ8160','2020-1-5','JAIPUR','SURAT','02:00 PM',45);
INSERT INTO bus values('RJ8160','2020-1-6','SURAT','JAIPUR','02:00 PM',45);
INSERT INTO bus values('RJ8160','2020-1-7','JAIPUR','SURAT','02:00 PM',45);


INSERT INTO bus values('RJ8161','2020-1-1','SURAT','JAIPUR','11:00 PM',45);
INSERT INTO bus values('RJ8161','2020-1-2','JAIPUR','SURAT','11:00 PM',45);
INSERT INTO bus values('RJ8161','2020-1-3','SURAT','JAIPUR','11:00 PM',45);
INSERT INTO bus values('RJ8161','2020-1-4','JAIPUR','SURAT','11:00 PM',45);
INSERT INTO bus values('RJ8161','2020-1-5','SURAT','JAIPUR','11:00 PM',45);
INSERT INTO bus values('RJ8161','2020-1-6','JAIPUR','SURAT','11:00 PM',45);
INSERT INTO bus values('RJ8161','2020-1-7','JAIPUR','SURAT','11:00 PM',45);




INSERT INTO bus values('RJ8268','2020-1-1','SURAT','UDAIPUR','09:00 AM',45);
INSERT INTO bus values('RJ8268','2020-1-2','UDAIPUR','SURAT','09:00 AM',45);
INSERT INTO bus values('RJ8268','2020-1-3','SURAT','UDAIPUR','09:00 AM',45);
INSERT INTO bus values('RJ8268','2020-1-4','UDAIPUR','SURAT','09:00 AM',45);
INSERT INTO bus values('RJ8268','2020-1-5','SURAT','UDAIPUR','09:00 AM',45);
INSERT INTO bus values('RJ8268','2020-1-6','UDAIPUR','SURAT','09:00 AM',45);
INSERT INTO bus values('RJ8268','2020-1-7','SURAT','UDAIPUR','09:00 AM',45);


INSERT INTO bus values('RJ8269','2020-1-1','UDAIPUR','SURAT','03:00 PM',45);
INSERT INTO bus values('RJ8269','2020-1-2','SURAT','UDAIPUR','03:00 PM',45);
INSERT INTO bus values('RJ8269','2020-1-3','UDAIPUR','SURAT','03:00 PM',45);
INSERT INTO bus values('RJ8269','2020-1-4','SURAT','UDAIPUR','03:00 PM',45);
INSERT INTO bus values('RJ8269','2020-1-5','UDAIPUR','SURAT','03:00 PM',45);
INSERT INTO bus values('RJ8269','2020-1-6','SURAT','UDAIPUR','03:00 PM',45);
INSERT INTO bus values('RJ8269','2020-1-7','SURAT','UDAIPUR','03:00 PM',45);



INSERT INTO bus values('RJ8270','2020-1-1','SURAT','UDAIPUR','02:00 PM',45);
INSERT INTO bus values('RJ8270','2020-1-2','UDAIPUR','SURAT','02:00 PM',45);
INSERT INTO bus values('RJ8270','2020-1-3','SURAT','UDAIPUR','02:00 PM',45);
INSERT INTO bus values('RJ8270','2020-1-4','UDAIPUR','SURAT','02:00 PM',45);
INSERT INTO bus values('RJ8270','2020-1-5','SURAT','UDAIPUR','02:00 PM',45);
INSERT INTO bus values('RJ8270','2020-1-6','UDAIPUR','SURAT','02:00 PM',45);
INSERT INTO bus values('RJ8270','2020-1-7','SURAT','UDAIPUR','02:00 PM',45);


INSERT INTO bus values('RJ8271','2020-1-1','UDAIPUR','SURAT','11:00 PM',45);
INSERT INTO bus values('RJ8271','2020-1-2','SURAT','UDAIPUR','11:00 PM',45);
INSERT INTO bus values('RJ8271','2020-1-3','UDAIPUR','SURAT','11:00 PM',45);
INSERT INTO bus values('RJ8271','2020-1-4','SURAT','UDAIPUR','11:00 PM',45);
INSERT INTO bus values('RJ8271','2020-1-5','UDAIPUR','SURAT','11:00 PM',45);
INSERT INTO bus values('RJ8271','2020-1-6','SURAT','UDAIPUR','11:00 PM',45);
INSERT INTO bus values('RJ8271','2020-1-7','SURAT','UDAIPUR','11:00 PM',45);




INSERT INTO bus values('RJ8355','2020-1-1','AHMEDABAD','UDAIPUR','09:00 AM',45);
INSERT INTO bus values('RJ8355','2020-1-2','UDAIPUR','AHMEDABAD','09:00 AM',45);
INSERT INTO bus values('RJ8355','2020-1-3','AHMEDABAD','UDAIPUR','09:00 AM',45);
INSERT INTO bus values('RJ8355','2020-1-4','UDAIPUR','AHMEDABAD','09:00 AM',45);
INSERT INTO bus values('RJ8355','2020-1-5','AHMEDABAD','UDAIPUR','09:00 AM',45);
INSERT INTO bus values('RJ8355','2020-1-6','UDAIPUR','AHMEDABAD','09:00 AM',45);
INSERT INTO bus values('RJ8355','2020-1-7','AHMEDABAD','UDAIPUR','09:00 AM',45);


INSERT INTO bus values('RJ8356','2020-1-1','UDAIPUR','AHMEDABAD','03:00 PM',45);
INSERT INTO bus values('RJ8356','2020-1-2','AHMEDABAD','UDAIPUR','03:00 PM',45);
INSERT INTO bus values('RJ8356','2020-1-3','UDAIPUR','AHMEDABAD','03:00 PM',45);
INSERT INTO bus values('RJ8356','2020-1-4','AHMEDABAD','UDAIPUR','03:00 PM',45);
INSERT INTO bus values('RJ8356','2020-1-5','UDAIPUR','AHMEDABAD','03:00 PM',45);
INSERT INTO bus values('RJ8356','2020-1-6','AHMEDABAD','UDAIPUR','03:00 PM',45);
INSERT INTO bus values('RJ8356','2020-1-7','AHMEDABAD','UDAIPUR','03:00 PM',45);



INSERT INTO bus values('RJ8357','2020-1-1','AHMEDABAD','UDAIPUR','02:00 PM',45);
INSERT INTO bus values('RJ8357','2020-1-2','UDAIPUR','AHMEDABAD','02:00 PM',45);
INSERT INTO bus values('RJ8357','2020-1-3','AHMEDABAD','UDAIPUR','02:00 PM',45);
INSERT INTO bus values('RJ8357','2020-1-4','UDAIPUR','AHMEDABAD','02:00 PM',45);
INSERT INTO bus values('RJ8357','2020-1-5','AHMEDABAD','UDAIPUR','02:00 PM',45);
INSERT INTO bus values('RJ8357','2020-1-6','UDAIPUR','AHMEDABAD','02:00 PM',45);
INSERT INTO bus values('RJ8357','2020-1-7','AHMEDABAD','UDAIPUR','02:00 PM',45);


INSERT INTO bus values('RJ8358','2020-1-1','UDAIPUR','AHMEDABAD','11:00 PM',45);
INSERT INTO bus values('RJ8358','2020-1-2','AHMEDABAD','UDAIPUR','11:00 PM',45);
INSERT INTO bus values('RJ8358','2020-1-3','UDAIPUR','AHMEDABAD','11:00 PM',45);
INSERT INTO bus values('RJ8358','2020-1-4','AHMEDABAD','UDAIPUR','11:00 PM',45);
INSERT INTO bus values('RJ8358','2020-1-5','UDAIPUR','AHMEDABAD','11:00 PM',45);
INSERT INTO bus values('RJ8358','2020-1-6','AHMEDABAD','UDAIPUR','11:00 PM',45);
INSERT INTO bus values('RJ8358','2020-1-7','AHMEDABAD','UDAIPUR','11:00 PM',45);



INSERT INTO bus values('GJ7867','2020-1-1','JAIPUR','AHMEDABAD','09:00 AM',45);
INSERT INTO bus values('GJ7867','2020-1-2','AHMEDABAD','JAIPUR','09:00 AM',45);
INSERT INTO bus values('GJ7867','2020-1-3','JAIPUR','AHMEDABAD','09:00 AM',45);
INSERT INTO bus values('GJ7867','2020-1-4','AHMEDABAD','JAIPUR','09:00 AM',45);
INSERT INTO bus values('GJ7867','2020-1-5','JAIPUR','AHMEDABAD','09:00 AM',45);
INSERT INTO bus values('GJ7867','2020-1-6','AHMEDABAD','JAIPUR','09:00 AM',45);
INSERT INTO bus values('GJ7867','2020-1-7','JAIPUR','AHMEDABAD','09:00 AM',45);


INSERT INTO bus values('GJ8787','2020-1-1','AHMEDABAD','JAIPUR','03:00 PM',45);
INSERT INTO bus values('GJ8787','2020-1-2','JAIPUR','AHMEDABAD','03:00 PM',45);
INSERT INTO bus values('GJ8787','2020-1-3','AHMEDABAD','JAIPUR','03:00 PM',45);
INSERT INTO bus values('GJ8787','2020-1-4','JAIPUR','AHMEDABAD','03:00 PM',45);
INSERT INTO bus values('GJ8787','2020-1-5','AHMEDABAD','JAIPUR','03:00 PM',45);
INSERT INTO bus values('GJ8787','2020-1-6','JAIPUR','AHMEDABAD','03:00 PM',45);
INSERT INTO bus values('GJ8787','2020-1-7','JAIPUR','AHMEDABAD','03:00 PM',45);



INSERT INTO bus values('GJ9519','2020-1-1','JAIPUR','AHMEDABAD','02:00 PM',45);
INSERT INTO bus values('GJ9519','2020-1-2','AHMEDABAD','JAIPUR','02:00 PM',45);
INSERT INTO bus values('GJ9519','2020-1-3','JAIPUR','AHMEDABAD','02:00 PM',45);
INSERT INTO bus values('GJ9519','2020-1-4','AHMEDABAD','JAIPUR','02:00 PM',45);
INSERT INTO bus values('GJ9519','2020-1-5','JAIPUR','AHMEDABAD','02:00 PM',45);
INSERT INTO bus values('GJ9519','2020-1-6','AHMEDABAD','JAIPUR','02:00 PM',45);
INSERT INTO bus values('GJ9519','2020-1-7','JAIPUR','AHMEDABAD','02:00 PM',45);


INSERT INTO bus values('GJ9167','2020-1-1','AHMEDABAD','JAIPUR','11:00 PM',45);
INSERT INTO bus values('GJ9167','2020-1-2','JAIPUR','AHMEDABAD','11:00 PM',45);
INSERT INTO bus values('GJ9167','2020-1-3','AHMEDABAD','JAIPUR','11:00 PM',45);
INSERT INTO bus values('GJ9167','2020-1-4','JAIPUR','AHMEDABAD','11:00 PM',45);
INSERT INTO bus values('GJ9167','2020-1-5','AHMEDABAD','JAIPUR','11:00 PM',45);
INSERT INTO bus values('GJ9167','2020-1-6','JAIPUR','AHMEDABAD','11:00 PM',45);
INSERT INTO bus values('GJ9167','2020-1-7','JAIPUR','AHMEDABAD','11:00 PM',45);







INSERT INTO bus values('GJ8158','2020-1-1','JAIPUR','SURAT','09:00 AM',45);
INSERT INTO bus values('GJ8158','2020-1-2','SURAT','JAIPUR','09:00 AM',45);
INSERT INTO bus values('GJ8158','2020-1-3','JAIPUR','SURAT','09:00 AM',45);
INSERT INTO bus values('GJ8158','2020-1-4','SURAT','JAIPUR','09:00 AM',45);
INSERT INTO bus values('GJ8158','2020-1-5','JAIPUR','SURAT','09:00 AM',45);
INSERT INTO bus values('GJ8158','2020-1-6','SURAT','JAIPUR','09:00 AM',45);
INSERT INTO bus values('GJ8158','2020-1-7','JAIPUR','SURAT','09:00 AM',45);


INSERT INTO bus values('GJ8159','2020-1-1','SURAT','JAIPUR','03:00 PM',45);
INSERT INTO bus values('GJ8159','2020-1-2','JAIPUR','SURAT','03:00 PM',45);
INSERT INTO bus values('GJ8159','2020-1-3','SURAT','JAIPUR','03:00 PM',45);
INSERT INTO bus values('GJ8159','2020-1-4','JAIPUR','SURAT','03:00 PM',45);
INSERT INTO bus values('GJ8159','2020-1-5','SURAT','JAIPUR','03:00 PM',45);
INSERT INTO bus values('GJ8159','2020-1-6','JAIPUR','SURAT','03:00 PM',45);
INSERT INTO bus values('GJ8159','2020-1-7','JAIPUR','SURAT','03:00 PM',45);



INSERT INTO bus values('GJ8160','2020-1-1','JAIPUR','SURAT','02:00 PM',45);
INSERT INTO bus values('GJ8160','2020-1-2','SURAT','JAIPUR','02:00 PM',45);
INSERT INTO bus values('GJ8160','2020-1-3','JAIPUR','SURAT','02:00 PM',45);
INSERT INTO bus values('GJ8160','2020-1-4','SURAT','JAIPUR','02:00 PM',45);
INSERT INTO bus values('GJ8160','2020-1-5','JAIPUR','SURAT','02:00 PM',45);
INSERT INTO bus values('GJ8160','2020-1-6','SURAT','JAIPUR','02:00 PM',45);
INSERT INTO bus values('GJ8160','2020-1-7','JAIPUR','SURAT','02:00 PM',45);


INSERT INTO bus values('GJ8161','2020-1-1','SURAT','JAIPUR','11:00 PM',45);
INSERT INTO bus values('GJ8161','2020-1-2','JAIPUR','SURAT','11:00 PM',45);
INSERT INTO bus values('GJ8161','2020-1-3','SURAT','JAIPUR','11:00 PM',45);
INSERT INTO bus values('GJ8161','2020-1-4','JAIPUR','SURAT','11:00 PM',45);
INSERT INTO bus values('GJ8161','2020-1-5','SURAT','JAIPUR','11:00 PM',45);
INSERT INTO bus values('GJ8161','2020-1-6','JAIPUR','SURAT','11:00 PM',45);
INSERT INTO bus values('GJ8161','2020-1-7','JAIPUR','SURAT','11:00 PM',45);




INSERT INTO bus values('GJ8268','2020-1-1','SURAT','UDAIPUR','09:00 AM',45);
INSERT INTO bus values('GJ8268','2020-1-2','UDAIPUR','SURAT','09:00 AM',45);
INSERT INTO bus values('GJ8268','2020-1-3','SURAT','UDAIPUR','09:00 AM',45);
INSERT INTO bus values('GJ8268','2020-1-4','UDAIPUR','SURAT','09:00 AM',45);
INSERT INTO bus values('GJ8268','2020-1-5','SURAT','UDAIPUR','09:00 AM',45);
INSERT INTO bus values('GJ8268','2020-1-6','UDAIPUR','SURAT','09:00 AM',45);
INSERT INTO bus values('GJ8268','2020-1-7','SURAT','UDAIPUR','09:00 AM',45);


INSERT INTO bus values('GJ8269','2020-1-1','UDAIPUR','SURAT','03:00 PM',45);
INSERT INTO bus values('GJ8269','2020-1-2','SURAT','UDAIPUR','03:00 PM',45);
INSERT INTO bus values('GJ8269','2020-1-3','UDAIPUR','SURAT','03:00 PM',45);
INSERT INTO bus values('GJ8269','2020-1-4','SURAT','UDAIPUR','03:00 PM',45);
INSERT INTO bus values('GJ8269','2020-1-5','UDAIPUR','SURAT','03:00 PM',45);
INSERT INTO bus values('GJ8269','2020-1-6','SURAT','UDAIPUR','03:00 PM',45);
INSERT INTO bus values('GJ8269','2020-1-7','SURAT','UDAIPUR','03:00 PM',45);



INSERT INTO bus values('GJ8270','2020-1-1','SURAT','UDAIPUR','02:00 PM',45);
INSERT INTO bus values('GJ8270','2020-1-2','UDAIPUR','SURAT','02:00 PM',45);
INSERT INTO bus values('GJ8270','2020-1-3','SURAT','UDAIPUR','02:00 PM',45);
INSERT INTO bus values('GJ8270','2020-1-4','UDAIPUR','SURAT','02:00 PM',45);
INSERT INTO bus values('GJ8270','2020-1-5','SURAT','UDAIPUR','02:00 PM',45);
INSERT INTO bus values('GJ8270','2020-1-6','UDAIPUR','SURAT','02:00 PM',45);
INSERT INTO bus values('GJ8270','2020-1-7','SURAT','UDAIPUR','02:00 PM',45);


INSERT INTO bus values('GJ8271','2020-1-1','UDAIPUR','SURAT','11:00 PM',45);
INSERT INTO bus values('GJ8271','2020-1-2','SURAT','UDAIPUR','11:00 PM',45);
INSERT INTO bus values('GJ8271','2020-1-3','UDAIPUR','SURAT','11:00 PM',45);
INSERT INTO bus values('GJ8271','2020-1-4','SURAT','UDAIPUR','11:00 PM',45);
INSERT INTO bus values('GJ8271','2020-1-5','UDAIPUR','SURAT','11:00 PM',45);
INSERT INTO bus values('GJ8271','2020-1-6','SURAT','UDAIPUR','11:00 PM',45);
INSERT INTO bus values('GJ8271','2020-1-7','SURAT','UDAIPUR','11:00 PM',45);




INSERT INTO bus values('GJ8355','2020-1-1','AHMEDABAD','UDAIPUR','09:00 AM',45);
INSERT INTO bus values('GJ8355','2020-1-2','UDAIPUR','AHMEDABAD','09:00 AM',45);
INSERT INTO bus values('GJ8355','2020-1-3','AHMEDABAD','UDAIPUR','09:00 AM',45);
INSERT INTO bus values('GJ8355','2020-1-4','UDAIPUR','AHMEDABAD','09:00 AM',45);
INSERT INTO bus values('GJ8355','2020-1-5','AHMEDABAD','UDAIPUR','09:00 AM',45);
INSERT INTO bus values('GJ8355','2020-1-6','UDAIPUR','AHMEDABAD','09:00 AM',45);
INSERT INTO bus values('GJ8355','2020-1-7','AHMEDABAD','UDAIPUR','09:00 AM',45);


INSERT INTO bus values('GJ8356','2020-1-1','UDAIPUR','AHMEDABAD','03:00 PM',45);
INSERT INTO bus values('GJ8356','2020-1-2','AHMEDABAD','UDAIPUR','03:00 PM',45);
INSERT INTO bus values('GJ8356','2020-1-3','UDAIPUR','AHMEDABAD','03:00 PM',45);
INSERT INTO bus values('GJ8356','2020-1-4','AHMEDABAD','UDAIPUR','03:00 PM',45);
INSERT INTO bus values('GJ8356','2020-1-5','UDAIPUR','AHMEDABAD','03:00 PM',45);
INSERT INTO bus values('GJ8356','2020-1-6','AHMEDABAD','UDAIPUR','03:00 PM',45);
INSERT INTO bus values('GJ8356','2020-1-7','AHMEDABAD','UDAIPUR','03:00 PM',45);



INSERT INTO bus values('GJ8357','2020-1-1','AHMEDABAD','UDAIPUR','02:00 PM',45);
INSERT INTO bus values('GJ8357','2020-1-2','UDAIPUR','AHMEDABAD','02:00 PM',45);
INSERT INTO bus values('GJ8357','2020-1-3','AHMEDABAD','UDAIPUR','02:00 PM',45);
INSERT INTO bus values('GJ8357','2020-1-4','UDAIPUR','AHMEDABAD','02:00 PM',45);
INSERT INTO bus values('GJ8357','2020-1-5','AHMEDABAD','UDAIPUR','02:00 PM',45);
INSERT INTO bus values('GJ8357','2020-1-6','UDAIPUR','AHMEDABAD','02:00 PM',45);
INSERT INTO bus values('GJ8357','2020-1-7','AHMEDABAD','UDAIPUR','02:00 PM',45);


INSERT INTO bus values('GJ8358','2020-1-1','UDAIPUR','AHMEDABAD','11:00 PM',45);
INSERT INTO bus values('GJ8358','2020-1-2','AHMEDABAD','UDAIPUR','11:00 PM',45);
INSERT INTO bus values('GJ8358','2020-1-3','UDAIPUR','AHMEDABAD','11:00 PM',45);
INSERT INTO bus values('GJ8358','2020-1-4','AHMEDABAD','UDAIPUR','11:00 PM',45);
INSERT INTO bus values('GJ8358','2020-1-5','UDAIPUR','AHMEDABAD','11:00 PM',45);
INSERT INTO bus values('GJ8358','2020-1-6','AHMEDABAD','UDAIPUR','11:00 PM',45);
INSERT INTO bus values('GJ8358','2020-1-7','AHMEDABAD','UDAIPUR','11:00 PM',45);









/*RAJ(JAIPUR) TO KERELA(COCHIN) VIA GUJRAT(SURAT) , MAHRASTRA(MUMBAI) , GOA(PANJI)*/

INSERT INTO bus values('RJ1111','2020-1-1','JAIPUR','COCHIN','09:00 AM',45);
INSERT INTO bus values('RJ1112','2020-1-2','JAIPUR','COCHIN','09:00 AM',45);
INSERT INTO bus values('RJ1113','2020-1-3','JAIPUR','COCHIN','09:00 AM',45);

	INSERT INTO route(bus_no,b_date,pickup_point,drop_point,departure_time) values('RJ1111','2020-1-1','JAIPUR','COCHIN','09:00 AM');
	INSERT INTO route(bus_no,b_date,pickup_point,drop_point,departure_time) values('RJ1111','2020-1-1','JAIPUR','SURAT','09:00 AM');
	INSERT INTO route(bus_no,b_date,pickup_point,drop_point,departure_time) values('RJ1111','2020-1-1','JAIPUR','MUMBAI','09:00 AM');
	INSERT INTO route(bus_no,b_date,pickup_point,drop_point,departure_time) values('RJ1111','2020-1-1','JAIPUR','PANJI','09:00 AM');
	INSERT INTO route(bus_no,b_date,pickup_point,drop_point,departure_time) values('RJ1111','2020-1-1','SURAT','MUMBAI','02:00 PM');
	INSERT INTO route(bus_no,b_date,pickup_point,drop_point,departure_time) values('RJ1111','2020-1-1','SURAT','PANJI','02:00 PM');
	INSERT INTO route(bus_no,b_date,pickup_point,drop_point,departure_time) values('RJ1111','2020-1-1','SURAT','COCHIN','02:00 PM');
	INSERT INTO route(bus_no,b_date,pickup_point,drop_point,departure_time) values('RJ1111','2020-1-1','MUMBAI','PANJI','11:00 PM');
	INSERT INTO route(bus_no,b_date,pickup_point,drop_point,departure_time) values('RJ1111','2020-1-1','MUMBAI','COCHIN','11:00 PM');
	INSERT INTO route(bus_no,b_date,pickup_point,drop_point,departure_time) values('RJ1111','2020-1-1','PANJI','COCHIN','09:00 AM');


	INSERT INTO route(bus_no,b_date,pickup_point,drop_point,departure_time) values('RJ1112','2020-1-2','JAIPUR','COCHIN','09:00 AM');
	INSERT INTO route(bus_no,b_date,pickup_point,drop_point,departure_time) values('RJ1112','2020-1-2','JAIPUR','SURAT','09:00 AM');
	INSERT INTO route(bus_no,b_date,pickup_point,drop_point,departure_time) values('RJ1112','2020-1-2','JAIPUR','MUMBAI','09:00 AM');
	INSERT INTO route(bus_no,b_date,pickup_point,drop_point,departure_time) values('RJ1112','2020-1-2','JAIPUR','PANJI','09:00 AM');
	INSERT INTO route(bus_no,b_date,pickup_point,drop_point,departure_time) values('RJ1112','2020-1-2','SURAT','MUMBAI','02:00 PM');
	INSERT INTO route(bus_no,b_date,pickup_point,drop_point,departure_time) values('RJ1112','2020-1-2','SURAT','PANJI','02:00 PM');
	INSERT INTO route(bus_no,b_date,pickup_point,drop_point,departure_time) values('RJ1112','2020-1-2','SURAT','COCHIN','02:00 PM');
	INSERT INTO route(bus_no,b_date,pickup_point,drop_point,departure_time) values('RJ1112','2020-1-2','MUMBAI','PANJI','11:00 PM');
	INSERT INTO route(bus_no,b_date,pickup_point,drop_point,departure_time) values('RJ1112','2020-1-2','MUMBAI','COCHIN','11:00 PM');
	INSERT INTO route(bus_no,b_date,pickup_point,drop_point,departure_time) values('RJ1112','2020-1-2','PANJI','COCHIN','09:00 AM');



	INSERT INTO route(bus_no,b_date,pickup_point,drop_point,departure_time) values('RJ1113','2020-1-3','JAIPUR','COCHIN','09:00 AM');
	INSERT INTO route(bus_no,b_date,pickup_point,drop_point,departure_time) values('RJ1113','2020-1-3','JAIPUR','SURAT','09:00 AM');
	INSERT INTO route(bus_no,b_date,pickup_point,drop_point,departure_time) values('RJ1113','2020-1-3','JAIPUR','MUMBAI','09:00 AM');
	INSERT INTO route(bus_no,b_date,pickup_point,drop_point,departure_time) values('RJ1113','2020-1-3','JAIPUR','PANJI','09:00 AM');
	INSERT INTO route(bus_no,b_date,pickup_point,drop_point,departure_time) values('RJ1113','2020-1-3','SURAT','MUMBAI','02:00 PM');
	INSERT INTO route(bus_no,b_date,pickup_point,drop_point,departure_time) values('RJ1113','2020-1-3','SURAT','PANJI','02:00 PM');
	INSERT INTO route(bus_no,b_date,pickup_point,drop_point,departure_time) values('RJ1113','2020-1-3','SURAT','COCHIN','02:00 PM');
	INSERT INTO route(bus_no,b_date,pickup_point,drop_point,departure_time) values('RJ1113','2020-1-3','MUMBAI','PANJI','11:00 PM');
	INSERT INTO route(bus_no,b_date,pickup_point,drop_point,departure_time) values('RJ1113','2020-1-3','MUMBAI','COCHIN','11:00 PM');
	INSERT INTO route(bus_no,b_date,pickup_point,drop_point,departure_time) values('RJ1113','2020-1-3','PANJI','COCHIN','09:00 AM');



/*RAJ(JAIPUR) TO JHARKHAND(DHANBAD) VIA MP(BHOPAL) ,UP(AGRA), MP(INDORE)*/
INSERT INTO bus values('RJ2222','2020-1-1','JAIPUR','INDORE','09:00 AM',45);
INSERT INTO bus values('RJ2211','2020-1-2','JAIPUR','INDORE','09:00 AM',45);
INSERT INTO bus values('RJ2221','2020-1-3','JAIPUR','INDORE','09:00 AM',45);



	/*ROUTING*/
	INSERT INTO route(bus_no,b_date,pickup_point,drop_point,departure_time) values('RJ2222','2020-1-1','JAIPUR','DHANBAD','09:00 AM');
	INSERT INTO route(bus_no,b_date,pickup_point,drop_point,departure_time) values('RJ2222','2020-1-1','JAIPUR','BHOPAL','09:00 AM');
	INSERT INTO route(bus_no,b_date,pickup_point,drop_point,departure_time) values('RJ2222','2020-1-1','JAIPUR','AGRA','09:00 AM');
	INSERT INTO route(bus_no,b_date,pickup_point,drop_point,departure_time) values('RJ2222','2020-1-1','JAIPUR','INDORE','09:00 AM');
	INSERT INTO route(bus_no,b_date,pickup_point,drop_point,departure_time) values('RJ2222','2020-1-1','BHOPAL','AGRA','02:00 PM');
	INSERT INTO route(bus_no,b_date,pickup_point,drop_point,departure_time) values('RJ2222','2020-1-1','BHOPAL','INDORE','02:00 PM');
	INSERT INTO route(bus_no,b_date,pickup_point,drop_point,departure_time) values('RJ2222','2020-1-1','BHOPAL','DHANBAD','02:00 PM');
	INSERT INTO route(bus_no,b_date,pickup_point,drop_point,departure_time) values('RJ2222','2020-1-1','AGRA','INDORE','11:00 PM');
	INSERT INTO route(bus_no,b_date,pickup_point,drop_point,departure_time) values('RJ2222','2020-1-1','AGRA','DHANBAD','11:00 PM');
	INSERT INTO route(bus_no,b_date,pickup_point,drop_point,departure_time) values('RJ2222','2020-1-1','INDORE','DHANBAD','09:00 AM');


	INSERT INTO route(bus_no,b_date,pickup_point,drop_point,departure_time) values('RJ2211','2020-1-2','JAIPUR','DHANBAD','09:00 AM');
	INSERT INTO route(bus_no,b_date,pickup_point,drop_point,departure_time) values('RJ2211','2020-1-2','JAIPUR','BHOPAL','09:00 AM');
	INSERT INTO route(bus_no,b_date,pickup_point,drop_point,departure_time) values('RJ2211','2020-1-2','JAIPUR','AGRA','09:00 AM');
	INSERT INTO route(bus_no,b_date,pickup_point,drop_point,departure_time) values('RJ2211','2020-1-2','JAIPUR','INDORE','09:00 AM');
	INSERT INTO route(bus_no,b_date,pickup_point,drop_point,departure_time) values('RJ2211','2020-1-2','BHOPAL','AGRA','02:00 PM');
	INSERT INTO route(bus_no,b_date,pickup_point,drop_point,departure_time) values('RJ2211','2020-1-2','BHOPAL','INDORE','02:00 PM');
	INSERT INTO route(bus_no,b_date,pickup_point,drop_point,departure_time) values('RJ2211','2020-1-2','BHOPAL','DHANBAD','02:00 PM');
	INSERT INTO route(bus_no,b_date,pickup_point,drop_point,departure_time) values('RJ2211','2020-1-2','AGRA','INDORE','11:00 PM');
	INSERT INTO route(bus_no,b_date,pickup_point,drop_point,departure_time) values('RJ2211','2020-1-2','AGRA','DHANBAD','11:00 PM');
	INSERT INTO route(bus_no,b_date,pickup_point,drop_point,departure_time) values('RJ2211','2020-1-2','INDORE','DHANBAD','09:00 AM');

	INSERT INTO route(bus_no,b_date,pickup_point,drop_point,departure_time) values('RJ2221','2020-1-3','JAIPUR','DHANBAD','09:00 AM');
	INSERT INTO route(bus_no,b_date,pickup_point,drop_point,departure_time) values('RJ2221','2020-1-3','JAIPUR','BHOPAL','09:00 AM');
	INSERT INTO route(bus_no,b_date,pickup_point,drop_point,departure_time) values('RJ2221','2020-1-3','JAIPUR','AGRA','09:00 AM');
	INSERT INTO route(bus_no,b_date,pickup_point,drop_point,departure_time) values('RJ2221','2020-1-3','JAIPUR','INDORE','09:00 AM');
	INSERT INTO route(bus_no,b_date,pickup_point,drop_point,departure_time) values('RJ2221','2020-1-3','BHOPAL','AGRA','02:00 PM');
	INSERT INTO route(bus_no,b_date,pickup_point,drop_point,departure_time) values('RJ2221','2020-1-3','BHOPAL','INDORE','02:00 PM');
	INSERT INTO route(bus_no,b_date,pickup_point,drop_point,departure_time) values('RJ2221','2020-1-3','BHOPAL','DHANBAD','02:00 PM');
	INSERT INTO route(bus_no,b_date,pickup_point,drop_point,departure_time) values('RJ2221','2020-1-3','AGRA','INDORE','11:00 PM');
	INSERT INTO route(bus_no,b_date,pickup_point,drop_point,departure_time) values('RJ2221','2020-1-3','AGRA','DHANBAD','11:00 PM');
	INSERT INTO route(bus_no,b_date,pickup_point,drop_point,departure_time) values('RJ2221','2020-1-3','INDORE','DHANBAD','09:00 AM');








/*INTER-STATE-BUSES-SCHED*/



INSERT INTO route(bus_no,b_date,pickup_point,drop_point,departure_time) values

	
('RJ1234','2020-1-1','JAIPUR','UDAIPUR','09:00 AM'),
('RJ1234','2020-1-2','UDAIPUR','JAIPUR','09:00 AM'),
('RJ1234','2020-1-3','JAIPUR','UDAIPUR','09:00 AM'),
('RJ1234','2020-1-4','UDAIPUR','JAIPUR','09:00 AM'),
('RJ1234','2020-1-5','JAIPUR','UDAIPUR','09:00 AM'),
('RJ1234','2020-1-6','UDAIPUR','JAIPUR','09:00 AM'),
('RJ1234','2020-1-7','JAIPUR','UDAIPUR','09:00 AM'),


('RJ2234','2020-1-1','UDAIPUR','JAIPUR','03:00 PM'),
('RJ2234','2020-1-2','JAIPUR','UDAIPUR','03:00 PM'),
('RJ2234','2020-1-3','UDAIPUR','JAIPUR','03:00 PM'),
('RJ2234','2020-1-4','JAIPUR','UDAIPUR','03:00 PM'),
('RJ2234','2020-1-5','UDAIPUR','JAIPUR','03:00 PM'),
('RJ2234','2020-1-6','JAIPUR','UDAIPUR','03:00 PM'),
('RJ2234','2020-1-7','JAIPUR','UDAIPUR','03:00 PM'),



('RJ3234','2020-1-1','JAIPUR','UDAIPUR','02:00 PM'),
('RJ3234','2020-1-2','UDAIPUR','JAIPUR','02:00 PM'),
('RJ3234','2020-1-3','JAIPUR','UDAIPUR','02:00 PM'),
('RJ3234','2020-1-4','UDAIPUR','JAIPUR','02:00 PM'),
('RJ3234','2020-1-5','JAIPUR','UDAIPUR','02:00 PM'),
('RJ3234','2020-1-6','UDAIPUR','JAIPUR','02:00 PM'),
('RJ3234','2020-1-7','JAIPUR','UDAIPUR','02:00 PM'),


('RJ4234','2020-1-1','UDAIPUR','JAIPUR','11:00 PM'),
('RJ4234','2020-1-2','JAIPUR','UDAIPUR','11:00 PM'),
('RJ4234','2020-1-3','UDAIPUR','JAIPUR','11:00 PM'),
('RJ4234','2020-1-4','JAIPUR','UDAIPUR','11:00 PM'),
('RJ4234','2020-1-5','UDAIPUR','JAIPUR','11:00 PM'),
('RJ4234','2020-1-6','JAIPUR','UDAIPUR','11:00 PM'),
('RJ4234','2020-1-7','JAIPUR','UDAIPUR','11:00 PM'),









/*GUJARAT*/


('GJ1234','2020-1-1','AHMEDABAD','SURAT','10:00 AM'),
('GJ1234','2020-1-2','SURAT','AHMEDABAD','10:00 AM'),
('GJ1234','2020-1-3','AHMEDABAD','SURAT','10:00 AM'),
('GJ1234','2020-1-4','SURAT','AHMEDABAD','10:00 AM'),
('GJ1234','2020-1-5','AHMEDABAD','SURAT','10:00 AM'),
('GJ1234','2020-1-6','SURAT','AHMEDABAD','10:00 AM'),
('GJ1234','2020-1-7','AHMEDABAD','SURAT','10:00 AM'),


('GJ2234','2020-1-1','SURAT','AHMEDABAD','04:00 PM'),
('GJ2234','2020-1-2','AHMEDABAD','SURAT','04:00 PM'),
('GJ2234','2020-1-3','SURAT','AHMEDABAD','04:00 PM'),
('GJ2234','2020-1-4','AHMEDABAD','SURAT','04:00 PM'),
('GJ2234','2020-1-5','SURAT','AHMEDABAD','04:00 PM'),
('GJ2234','2020-1-6','AHMEDABAD','SURAT','04:00 PM'),
('GJ2234','2020-1-7','AHMEDABAD','SURAT','04:00 PM'),



('GJ3234','2020-1-1','AHMEDABAD','SURAT','02:00 PM'),
('GJ3234','2020-1-2','SURAT','AHMEDABAD','02:00 PM'),
('GJ3234','2020-1-3','AHMEDABAD','SURAT','02:00 PM'),
('GJ3234','2020-1-4','SURAT','AHMEDABAD','02:00 PM'),
('GJ3234','2020-1-5','AHMEDABAD','SURAT','02:00 PM'),
('GJ3234','2020-1-6','SURAT','AHMEDABAD','02:00 PM'),
('GJ3234','2020-1-7','AHMEDABAD','SURAT','02:00 PM'),


('GJ4234','2020-1-1','SURAT','AHMEDABAD','08:00 PM'),
('GJ4234','2020-1-2','AHMEDABAD','SURAT','08:00 PM'),
('GJ4234','2020-1-3','SURAT','AHMEDABAD','08:00 PM'),
('GJ4234','2020-1-4','AHMEDABAD','SURAT','08:00 PM'),
('GJ4234','2020-1-5','SURAT','AHMEDABAD','08:00 PM'),
('GJ4234','2020-1-6','AHMEDABAD','SURAT','08:00 PM'),
('GJ4234','2020-1-7','AHMEDABAD','SURAT','08:00 PM'),




/*MAHARASRA*/
('MH1234','2020-1-1','MUMBAI','PUNE','09:00 AM'),
('MH1234','2020-1-2','PUNE','MUMBAI','09:00 AM'),
('MH1234','2020-1-3','MUMBAI','PUNE','09:00 AM'),
('MH1234','2020-1-4','PUNE','MUMBAI','09:00 AM'),
('MH1234','2020-1-5','MUMBAI','PUNE','09:00 AM'),
('MH1234','2020-1-6','PUNE','MUMBAI','09:00 AM'),
('MH1234','2020-1-7','MUMBAI','PUNE','09:00 AM'),


('MH2234','2020-1-1','PUNE','MUMBAI','03:00 PM'),
('MH2234','2020-1-2','MUMBAI','PUNE','03:00 PM'),
('MH2234','2020-1-3','PUNE','MUMBAI','03:00 PM'),
('MH2234','2020-1-4','MUMBAI','PUNE','03:00 PM'),
('MH2234','2020-1-5','PUNE','MUMBAI','03:00 PM'),
('MH2234','2020-1-6','MUMBAI','PUNE','03:00 PM'),
('MH2234','2020-1-7','MUMBAI','PUNE','03:00 PM'),



('MH3234','2020-1-1','MUMBAI','PUNE','02:00 PM'),
('MH3234','2020-1-2','PUNE','MUMBAI','02:00 PM'),
('MH3234','2020-1-3','MUMBAI','PUNE','02:00 PM'),
('MH3234','2020-1-4','PUNE','MUMBAI','02:00 PM'),
('MH3234','2020-1-5','MUMBAI','PUNE','02:00 PM'),
('MH3234','2020-1-6','PUNE','MUMBAI','02:00 PM'),
('MH3234','2020-1-7','MUMBAI','PUNE','02:00 PM'),


('MH4234','2020-1-1','PUNE','MUMBAI','11:00 PM'),
('MH4234','2020-1-2','MUMBAI','PUNE','11:00 PM'),
('MH4234','2020-1-3','PUNE','MUMBAI','11:00 PM'),
('MH4234','2020-1-4','MUMBAI','PUNE','11:00 PM'),
('MH4234','2020-1-5','PUNE','MUMBAI','11:00 PM'),
('MH4234','2020-1-6','MUMBAI','PUNE','11:00 PM'),
('MH4234','2020-1-7','MUMBAI','PUNE','11:00 PM'),



/*MADHYA PRADESH*/

('MP1234','2020-1-1','INDORE','BHOPAL','10:00 AM'),
('MP1234','2020-1-2','BHOPAL','INDORE','10:00 AM'),
('MP1234','2020-1-3','INDORE','BHOPAL','10:00 AM'),
('MP1234','2020-1-4','BHOPAL','INDORE','10:00 AM'),
('MP1234','2020-1-5','INDORE','BHOPAL','10:00 AM'),
('MP1234','2020-1-6','BHOPAL','INDORE','10:00 AM'),
('MP1234','2020-1-7','INDORE','BHOPAL','10:00 AM'),


('MP2234','2020-1-1','BHOPAL','INDORE','04:00 PM'),
('MP2234','2020-1-2','INDORE','BHOPAL','04:00 PM'),
('MP2234','2020-1-3','BHOPAL','INDORE','04:00 PM'),
('MP2234','2020-1-4','INDORE','BHOPAL','04:00 PM'),
('MP2234','2020-1-5','BHOPAL','INDORE','04:00 PM'),
('MP2234','2020-1-6','INDORE','BHOPAL','04:00 PM'),
('MP2234','2020-1-7','INDORE','BHOPAL','04:00 PM'),



('MP3234','2020-1-1','INDORE','BHOPAL','02:00 PM'),
('MP3234','2020-1-2','BHOPAL','INDORE','02:00 PM'),
('MP3234','2020-1-3','INDORE','BHOPAL','02:00 PM'),
('MP3234','2020-1-4','BHOPAL','INDORE','02:00 PM'),
('MP3234','2020-1-5','INDORE','BHOPAL','02:00 PM'),
('MP3234','2020-1-6','BHOPAL','INDORE','02:00 PM'),
('MP3234','2020-1-7','INDORE','BHOPAL','02:00 PM'),


('MP4234','2020-1-1','BHOPAL','INDORE','08:00 PM'),
('MP4234','2020-1-2','INDORE','BHOPAL','08:00 PM'),
('MP4234','2020-1-3','BHOPAL','INDORE','08:00 PM'),
('MP4234','2020-1-4','INDORE','BHOPAL','08:00 PM'),
('MP4234','2020-1-5','BHOPAL','INDORE','08:00 PM'),
('MP4234','2020-1-6','INDORE','BHOPAL','08:00 PM'),
('MP4234','2020-1-7','INDORE','BHOPAL','08:00 PM'),





/*TELANGANA*/

('TS1234','2020-1-1','HYDERABAD','WARANGAL','09:00 AM'),
('TS1234','2020-1-2','WARANGAL','HYDERABAD','09:00 AM'),
('TS1234','2020-1-3','HYDERABAD','WARANGAL','09:00 AM'),
('TS1234','2020-1-4','WARANGAL','HYDERABAD','09:00 AM'),
('TS1234','2020-1-5','HYDERABAD','WARANGAL','09:00 AM'),
('TS1234','2020-1-6','WARANGAL','HYDERABAD','09:00 AM'),
('TS1234','2020-1-7','HYDERABAD','WARANGAL','09:00 AM'),


('TS2234','2020-1-1','WARANGAL','HYDERABAD','03:00 PM'),
('TS2234','2020-1-2','HYDERABAD','WARANGAL','03:00 PM'),
('TS2234','2020-1-3','WARANGAL','HYDERABAD','03:00 PM'),
('TS2234','2020-1-4','HYDERABAD','WARANGAL','03:00 PM'),
('TS2234','2020-1-5','WARANGAL','HYDERABAD','03:00 PM'),
('TS2234','2020-1-6','HYDERABAD','WARANGAL','03:00 PM'),
('TS2234','2020-1-7','HYDERABAD','WARANGAL','03:00 PM'),



('TS3234','2020-1-1','HYDERABAD','WARANGAL','02:00 PM'),
('TS3234','2020-1-2','WARANGAL','HYDERABAD','02:00 PM'),
('TS3234','2020-1-3','HYDERABAD','WARANGAL','02:00 PM'),
('TS3234','2020-1-4','WARANGAL','HYDERABAD','02:00 PM'),
('TS3234','2020-1-5','HYDERABAD','WARANGAL','02:00 PM'),
('TS3234','2020-1-6','WARANGAL','HYDERABAD','02:00 PM'),
('TS3234','2020-1-7','HYDERABAD','WARANGAL','02:00 PM'),


('TS4234','2020-1-1','WARANGAL','HYDERABAD','11:00 PM'),
('TS4234','2020-1-2','HYDERABAD','WARANGAL','11:00 PM'),
('TS4234','2020-1-3','WARANGAL','HYDERABAD','11:00 PM'),
('TS4234','2020-1-4','HYDERABAD','WARANGAL','11:00 PM'),
('TS4234','2020-1-5','WARANGAL','HYDERABAD','11:00 PM'),
('TS4234','2020-1-6','HYDERABAD','WARANGAL','11:00 PM'),
('TS4234','2020-1-7','HYDERABAD','WARANGAL','11:00 PM'),






/*TAMIL NADU*/
('TN1234','2020-1-1','CHENNAI','MADHHURAI','10:00 AM'),
('TN1234','2020-1-2','MADHHURAI','CHENNAI','10:00 AM'),
('TN1234','2020-1-3','CHENNAI','MADHHURAI','10:00 AM'),
('TN1234','2020-1-4','MADHHURAI','CHENNAI','10:00 AM'),
('TN1234','2020-1-5','CHENNAI','MADHHURAI','10:00 AM'),
('TN1234','2020-1-6','MADHHURAI','CHENNAI','10:00 AM'),
('TN1234','2020-1-7','CHENNAI','MADHHURAI','10:00 AM'),


('TN2234','2020-1-1','MADHHURAI','CHENNAI','04:00 PM'),
('TN2234','2020-1-2','CHENNAI','MADHHURAI','04:00 PM'),
('TN2234','2020-1-3','MADHHURAI','CHENNAI','04:00 PM'),
('TN2234','2020-1-4','CHENNAI','MADHHURAI','04:00 PM'),
('TN2234','2020-1-5','MADHHURAI','CHENNAI','04:00 PM'),
('TN2234','2020-1-6','CHENNAI','MADHHURAI','04:00 PM'),
('TN2234','2020-1-7','CHENNAI','MADHHURAI','04:00 PM'),



('TN3234','2020-1-1','CHENNAI','MADHHURAI','02:00 PM'),
('TN3234','2020-1-2','MADHHURAI','CHENNAI','02:00 PM'),
('TN3234','2020-1-3','CHENNAI','MADHHURAI','02:00 PM'),
('TN3234','2020-1-4','MADHHURAI','CHENNAI','02:00 PM'),
('TN3234','2020-1-5','CHENNAI','MADHHURAI','02:00 PM'),
('TN3234','2020-1-6','MADHHURAI','CHENNAI','02:00 PM'),
('TN3234','2020-1-7','CHENNAI','MADHHURAI','02:00 PM'),


('TN4234','2020-1-1','MADHHURAI','CHENNAI','08:00 PM'),
('TN4234','2020-1-2','CHENNAI','MADHHURAI','08:00 PM'),
('TN4234','2020-1-3','MADHHURAI','CHENNAI','08:00 PM'),
('TN4234','2020-1-4','CHENNAI','MADHHURAI','08:00 PM'),
('TN4234','2020-1-5','MADHHURAI','CHENNAI','08:00 PM'),
('TN4234','2020-1-6','CHENNAI','MADHHURAI','08:00 PM'),
('TN4234','2020-1-7','CHENNAI','MADHHURAI','08:00 PM'),









/*UTTAR PRADESH*/
('UP1234','2020-1-1','AGRA','LUCKNOW','09:00 AM'),
('UP1234','2020-1-2','LUCKNOW','AGRA','09:00 AM'),
('UP1234','2020-1-3','AGRA','LUCKNOW','09:00 AM'),
('UP1234','2020-1-4','LUCKNOW','AGRA','09:00 AM'),
('UP1234','2020-1-5','AGRA','LUCKNOW','09:00 AM'),
('UP1234','2020-1-6','LUCKNOW','AGRA','09:00 AM'),
('UP1234','2020-1-7','AGRA','LUCKNOW','09:00 AM'),


('UP2234','2020-1-1','LUCKNOW','AGRA','03:00 PM'),
('UP2234','2020-1-2','AGRA','LUCKNOW','03:00 PM'),
('UP2234','2020-1-3','LUCKNOW','AGRA','03:00 PM'),
('UP2234','2020-1-4','AGRA','LUCKNOW','03:00 PM'),
('UP2234','2020-1-5','LUCKNOW','AGRA','03:00 PM'),
('UP2234','2020-1-6','AGRA','LUCKNOW','03:00 PM'),
('UP2234','2020-1-7','AGRA','LUCKNOW','03:00 PM'),



('UP3234','2020-1-1','AGRA','LUCKNOW','02:00 PM'),
('UP3234','2020-1-2','LUCKNOW','AGRA','02:00 PM'),
('UP3234','2020-1-3','AGRA','LUCKNOW','02:00 PM'),
('UP3234','2020-1-4','LUCKNOW','AGRA','02:00 PM'),
('UP3234','2020-1-5','AGRA','LUCKNOW','02:00 PM'),
('UP3234','2020-1-6','LUCKNOW','AGRA','02:00 PM'),
('UP3234','2020-1-7','AGRA','LUCKNOW','02:00 PM'),


('UP4234','2020-1-1','LUCKNOW','AGRA','11:00 PM'),
('UP4234','2020-1-2','AGRA','LUCKNOW','11:00 PM'),
('UP4234','2020-1-3','LUCKNOW','AGRA','11:00 PM'),
('UP4234','2020-1-4','AGRA','LUCKNOW','11:00 PM'),
('UP4234','2020-1-5','LUCKNOW','AGRA','11:00 PM'),
('UP4234','2020-1-6','AGRA','LUCKNOW','11:00 PM'),
('UP4234','2020-1-7','AGRA','LUCKNOW','11:00 PM'),







/*PUNJAB*/
('PN1234','2020-1-1','CHANDHI GARH','MOHALI','10:00 AM'),
('PN1234','2020-1-2','MOHALI','CHANDHI GARH','10:00 AM'),
('PN1234','2020-1-3','CHANDHI GARH','MOHALI','10:00 AM'),
('PN1234','2020-1-4','MOHALI','CHANDHI GARH','10:00 AM'),
('PN1234','2020-1-5','CHANDHI GARH','MOHALI','10:00 AM'),
('PN1234','2020-1-6','MOHALI','CHANDHI GARH','10:00 AM'),
('PN1234','2020-1-7','CHANDHI GARH','MOHALI','10:00 AM'),


('PN2234','2020-1-1','MOHALI','CHANDHI GARH','04:00 PM'),
('PN2234','2020-1-2','CHANDHI GARH','MOHALI','04:00 PM'),
('PN2234','2020-1-3','MOHALI','CHANDHI GARH','04:00 PM'),
('PN2234','2020-1-4','CHANDHI GARH','MOHALI','04:00 PM'),
('PN2234','2020-1-5','MOHALI','CHANDHI GARH','04:00 PM'),
('PN2234','2020-1-6','CHANDHI GARH','MOHALI','04:00 PM'),
('PN2234','2020-1-7','CHANDHI GARH','MOHALI','04:00 PM'),



('PN3234','2020-1-1','CHANDHI GARH','MOHALI','02:00 PM'),
('PN3234','2020-1-2','MOHALI','CHANDHI GARH','02:00 PM'),
('PN3234','2020-1-3','CHANDHI GARH','MOHALI','02:00 PM'),
('PN3234','2020-1-4','MOHALI','CHANDHI GARH','02:00 PM'),
('PN3234','2020-1-5','CHANDHI GARH','MOHALI','02:00 PM'),
('PN3234','2020-1-6','MOHALI','CHANDHI GARH','02:00 PM'),
('PN3234','2020-1-7','CHANDHI GARH','MOHALI','02:00 PM'),


('PN4234','2020-1-1','MOHALI','CHANDHI GARH','08:00 PM'),
('PN4234','2020-1-2','CHANDHI GARH','MOHALI','08:00 PM'),
('PN4234','2020-1-3','MOHALI','CHANDHI GARH','08:00 PM'),
('PN4234','2020-1-4','CHANDHI GARH','MOHALI','08:00 PM'),
('PN4234','2020-1-5','MOHALI','CHANDHI GARH','08:00 PM'),
('PN4234','2020-1-6','CHANDHI GARH','MOHALI','08:00 PM'),
('PN4234','2020-1-7','CHANDHI GARH','MOHALI','08:00 PM'),






/*HARYANA*/


/*BIHAR*/

('BR1234','2020-1-1','GAYA','PATNA','09:00 AM'),
('BR1234','2020-1-2','PATNA','GAYA','09:00 AM'),
('BR1234','2020-1-3','GAYA','PATNA','09:00 AM'),
('BR1234','2020-1-4','PATNA','GAYA','09:00 AM'),
('BR1234','2020-1-5','GAYA','PATNA','09:00 AM'),
('BR1234','2020-1-6','PATNA','GAYA','09:00 AM'),
('BR1234','2020-1-7','GAYA','PATNA','09:00 AM'),


('BR2234','2020-1-1','PATNA','GAYA','03:00 PM'),
('BR2234','2020-1-2','GAYA','PATNA','03:00 PM'),
('BR2234','2020-1-3','PATNA','GAYA','03:00 PM'),
('BR2234','2020-1-4','GAYA','PATNA','03:00 PM'),
('BR2234','2020-1-5','PATNA','GAYA','03:00 PM'),
('BR2234','2020-1-6','GAYA','PATNA','03:00 PM'),
('BR2234','2020-1-7','GAYA','PATNA','03:00 PM'),



('BR3234','2020-1-1','GAYA','PATNA','02:00 PM'),
('BR3234','2020-1-2','PATNA','GAYA','02:00 PM'),
('BR3234','2020-1-3','GAYA','PATNA','02:00 PM'),
('BR3234','2020-1-4','PATNA','GAYA','02:00 PM'),
('BR3234','2020-1-5','GAYA','PATNA','02:00 PM'),
('BR3234','2020-1-6','PATNA','GAYA','02:00 PM'),
('BR3234','2020-1-7','GAYA','PATNA','02:00 PM'),


('BR4234','2020-1-1','PATNA','GAYA','11:00 PM'),
('BR4234','2020-1-2','GAYA','PATNA','11:00 PM'),
('BR4234','2020-1-3','PATNA','GAYA','11:00 PM'),
('BR4234','2020-1-4','GAYA','PATNA','11:00 PM'),
('BR4234','2020-1-5','PATNA','GAYA','11:00 PM'),
('BR4234','2020-1-6','GAYA','PATNA','11:00 PM'),
('BR4234','2020-1-7','GAYA','PATNA','11:00 PM'),








/*JHARKHAND*/
('JH1234','2020-1-1','RANCHI','DHANBAD','10:00 AM'),
('JH1234','2020-1-2','DHANBAD','RANCHI','10:00 AM'),
('JH1234','2020-1-3','RANCHI','DHANBAD','10:00 AM'),
('JH1234','2020-1-4','DHANBAD','RANCHI','10:00 AM'),
('JH1234','2020-1-5','RANCHI','DHANBAD','10:00 AM'),
('JH1234','2020-1-6','DHANBAD','RANCHI','10:00 AM'),
('JH1234','2020-1-7','RANCHI','DHANBAD','10:00 AM'),


('JH2234','2020-1-1','DHANBAD','RANCHI','04:00 PM'),
('JH2234','2020-1-2','RANCHI','DHANBAD','04:00 PM'),
('JH2234','2020-1-3','DHANBAD','RANCHI','04:00 PM'),
('JH2234','2020-1-4','RANCHI','DHANBAD','04:00 PM'),
('JH2234','2020-1-5','DHANBAD','RANCHI','04:00 PM'),
('JH2234','2020-1-6','RANCHI','DHANBAD','04:00 PM'),
('JH2234','2020-1-7','RANCHI','DHANBAD','04:00 PM'),



('JH3234','2020-1-1','RANCHI','DHANBAD','02:00 PM'),
('JH3234','2020-1-2','DHANBAD','RANCHI','02:00 PM'),
('JH3234','2020-1-3','RANCHI','DHANBAD','02:00 PM'),
('JH3234','2020-1-4','DHANBAD','RANCHI','02:00 PM'),
('JH3234','2020-1-5','RANCHI','DHANBAD','02:00 PM'),
('JH3234','2020-1-6','DHANBAD','RANCHI','02:00 PM'),
('JH3234','2020-1-7','RANCHI','DHANBAD','02:00 PM'),


('JH4234','2020-1-1','DHANBAD','RANCHI','08:00 PM'),
('JH4234','2020-1-2','RANCHI','DHANBAD','08:00 PM'),
('JH4234','2020-1-3','DHANBAD','RANCHI','08:00 PM'),
('JH4234','2020-1-4','RANCHI','DHANBAD','08:00 PM'),
('JH4234','2020-1-5','DHANBAD','RANCHI','08:00 PM'),
('JH4234','2020-1-6','RANCHI','DHANBAD','08:00 PM'),
('JH4234','2020-1-7','RANCHI','DHANBAD','08:00 PM'),







/*KERALA-COCHIN*/

/*WEST BENGAL*/
('WB1234','2020-1-1','KHARAGPUR','KOLKATA','09:00 AM'),
('WB1234','2020-1-2','KOLKATA','KHARAGPUR','09:00 AM'),
('WB1234','2020-1-3','KHARAGPUR','KOLKATA','09:00 AM'),
('WB1234','2020-1-4','KOLKATA','KHARAGPUR','09:00 AM'),
('WB1234','2020-1-5','KHARAGPUR','KOLKATA','09:00 AM'),
('WB1234','2020-1-6','KOLKATA','KHARAGPUR','09:00 AM'),
('WB1234','2020-1-7','KHARAGPUR','KOLKATA','09:00 AM'),


('WB2234','2020-1-1','KOLKATA','KHARAGPUR','03:00 PM'),
('WB2234','2020-1-2','KHARAGPUR','KOLKATA','03:00 PM'),
('WB2234','2020-1-3','KOLKATA','KHARAGPUR','03:00 PM'),
('WB2234','2020-1-4','KHARAGPUR','KOLKATA','03:00 PM'),
('WB2234','2020-1-5','KOLKATA','KHARAGPUR','03:00 PM'),
('WB2234','2020-1-6','KHARAGPUR','KOLKATA','03:00 PM'),
('WB2234','2020-1-7','KHARAGPUR','KOLKATA','03:00 PM'),



('WB3234','2020-1-1','KHARAGPUR','KOLKATA','02:00 PM'),
('WB3234','2020-1-2','KOLKATA','KHARAGPUR','02:00 PM'),
('WB3234','2020-1-3','KHARAGPUR','KOLKATA','02:00 PM'),
('WB3234','2020-1-4','KOLKATA','KHARAGPUR','02:00 PM'),
('WB3234','2020-1-5','KHARAGPUR','KOLKATA','02:00 PM'),
('WB3234','2020-1-6','KOLKATA','KHARAGPUR','02:00 PM'),
('WB3234','2020-1-7','KHARAGPUR','KOLKATA','02:00 PM'),


('WB4234','2020-1-1','KOLKATA','KHARAGPUR','11:00 PM'),
('WB4234','2020-1-2','KHARAGPUR','KOLKATA','11:00 PM'),
('WB4234','2020-1-3','KOLKATA','KHARAGPUR','11:00 PM'),
('WB4234','2020-1-4','KHARAGPUR','KOLKATA','11:00 PM'),
('WB4234','2020-1-5','KOLKATA','KHARAGPUR','11:00 PM'),
('WB4234','2020-1-6','KHARAGPUR','KOLKATA','11:00 PM'),
('WB4234','2020-1-7','KHARAGPUR','KOLKATA','11:00 PM'),








/*GOA-PANAJI*/
/*SIKKIM-GANGTOK*/
/*ASSAM-DISPUR*/












/*INTETRA-STATE-BUS-SCHED*/


/* RAJASTHAN TO GUJRAT*/

('RJ7867','2020-1-1','JAIPUR','AHMEDABAD','09:00 AM'),
('RJ7867','2020-1-2','AHMEDABAD','JAIPUR','09:00 AM'),
('RJ7867','2020-1-3','JAIPUR','AHMEDABAD','09:00 AM'),
('RJ7867','2020-1-4','AHMEDABAD','JAIPUR','09:00 AM'),
('RJ7867','2020-1-5','JAIPUR','AHMEDABAD','09:00 AM'),
('RJ7867','2020-1-6','AHMEDABAD','JAIPUR','09:00 AM'),
('RJ7867','2020-1-7','JAIPUR','AHMEDABAD','09:00 AM'),


('RJ8787','2020-1-1','AHMEDABAD','JAIPUR','03:00 PM'),
('RJ8787','2020-1-2','JAIPUR','AHMEDABAD','03:00 PM'),
('RJ8787','2020-1-3','AHMEDABAD','JAIPUR','03:00 PM'),
('RJ8787','2020-1-4','JAIPUR','AHMEDABAD','03:00 PM'),
('RJ8787','2020-1-5','AHMEDABAD','JAIPUR','03:00 PM'),
('RJ8787','2020-1-6','JAIPUR','AHMEDABAD','03:00 PM'),
('RJ8787','2020-1-7','JAIPUR','AHMEDABAD','03:00 PM'),



('RJ9519','2020-1-1','JAIPUR','AHMEDABAD','02:00 PM'),
('RJ9519','2020-1-2','AHMEDABAD','JAIPUR','02:00 PM'),
('RJ9519','2020-1-3','JAIPUR','AHMEDABAD','02:00 PM'),
('RJ9519','2020-1-4','AHMEDABAD','JAIPUR','02:00 PM'),
('RJ9519','2020-1-5','JAIPUR','AHMEDABAD','02:00 PM'),
('RJ9519','2020-1-6','AHMEDABAD','JAIPUR','02:00 PM'),
('RJ9519','2020-1-7','JAIPUR','AHMEDABAD','02:00 PM'),


('RJ9167','2020-1-1','AHMEDABAD','JAIPUR','11:00 PM'),
('RJ9167','2020-1-2','JAIPUR','AHMEDABAD','11:00 PM'),
('RJ9167','2020-1-3','AHMEDABAD','JAIPUR','11:00 PM'),
('RJ9167','2020-1-4','JAIPUR','AHMEDABAD','11:00 PM'),
('RJ9167','2020-1-5','AHMEDABAD','JAIPUR','11:00 PM'),
('RJ9167','2020-1-6','JAIPUR','AHMEDABAD','11:00 PM'),
('RJ9167','2020-1-7','JAIPUR','AHMEDABAD','11:00 PM'),







('RJ8158','2020-1-1','JAIPUR','SURAT','09:00 AM'),
('RJ8158','2020-1-2','SURAT','JAIPUR','09:00 AM'),
('RJ8158','2020-1-3','JAIPUR','SURAT','09:00 AM'),
('RJ8158','2020-1-4','SURAT','JAIPUR','09:00 AM'),
('RJ8158','2020-1-5','JAIPUR','SURAT','09:00 AM'),
('RJ8158','2020-1-6','SURAT','JAIPUR','09:00 AM'),
('RJ8158','2020-1-7','JAIPUR','SURAT','09:00 AM'),


('RJ8159','2020-1-1','SURAT','JAIPUR','03:00 PM'),
('RJ8159','2020-1-2','JAIPUR','SURAT','03:00 PM'),
('RJ8159','2020-1-3','SURAT','JAIPUR','03:00 PM'),
('RJ8159','2020-1-4','JAIPUR','SURAT','03:00 PM'),
('RJ8159','2020-1-5','SURAT','JAIPUR','03:00 PM'),
('RJ8159','2020-1-6','JAIPUR','SURAT','03:00 PM'),
('RJ8159','2020-1-7','JAIPUR','SURAT','03:00 PM'),



('RJ8160','2020-1-1','JAIPUR','SURAT','02:00 PM'),
('RJ8160','2020-1-2','SURAT','JAIPUR','02:00 PM'),
('RJ8160','2020-1-3','JAIPUR','SURAT','02:00 PM'),
('RJ8160','2020-1-4','SURAT','JAIPUR','02:00 PM'),
('RJ8160','2020-1-5','JAIPUR','SURAT','02:00 PM'),
('RJ8160','2020-1-6','SURAT','JAIPUR','02:00 PM'),
('RJ8160','2020-1-7','JAIPUR','SURAT','02:00 PM'),


('RJ8161','2020-1-1','SURAT','JAIPUR','11:00 PM'),
('RJ8161','2020-1-2','JAIPUR','SURAT','11:00 PM'),
('RJ8161','2020-1-3','SURAT','JAIPUR','11:00 PM'),
('RJ8161','2020-1-4','JAIPUR','SURAT','11:00 PM'),
('RJ8161','2020-1-5','SURAT','JAIPUR','11:00 PM'),
('RJ8161','2020-1-6','JAIPUR','SURAT','11:00 PM'),
('RJ8161','2020-1-7','JAIPUR','SURAT','11:00 PM'),




('RJ8268','2020-1-1','SURAT','UDAIPUR','09:00 AM'),
('RJ8268','2020-1-2','UDAIPUR','SURAT','09:00 AM'),
('RJ8268','2020-1-3','SURAT','UDAIPUR','09:00 AM'),
('RJ8268','2020-1-4','UDAIPUR','SURAT','09:00 AM'),
('RJ8268','2020-1-5','SURAT','UDAIPUR','09:00 AM'),
('RJ8268','2020-1-6','UDAIPUR','SURAT','09:00 AM'),
('RJ8268','2020-1-7','SURAT','UDAIPUR','09:00 AM'),


('RJ8269','2020-1-1','UDAIPUR','SURAT','03:00 PM'),
('RJ8269','2020-1-2','SURAT','UDAIPUR','03:00 PM'),
('RJ8269','2020-1-3','UDAIPUR','SURAT','03:00 PM'),
('RJ8269','2020-1-4','SURAT','UDAIPUR','03:00 PM'),
('RJ8269','2020-1-5','UDAIPUR','SURAT','03:00 PM'),
('RJ8269','2020-1-6','SURAT','UDAIPUR','03:00 PM'),
('RJ8269','2020-1-7','SURAT','UDAIPUR','03:00 PM'),



('RJ8270','2020-1-1','SURAT','UDAIPUR','02:00 PM'),
('RJ8270','2020-1-2','UDAIPUR','SURAT','02:00 PM'),
('RJ8270','2020-1-3','SURAT','UDAIPUR','02:00 PM'),
('RJ8270','2020-1-4','UDAIPUR','SURAT','02:00 PM'),
('RJ8270','2020-1-5','SURAT','UDAIPUR','02:00 PM'),
('RJ8270','2020-1-6','UDAIPUR','SURAT','02:00 PM'),
('RJ8270','2020-1-7','SURAT','UDAIPUR','02:00 PM'),


('RJ8271','2020-1-1','UDAIPUR','SURAT','11:00 PM'),
('RJ8271','2020-1-2','SURAT','UDAIPUR','11:00 PM'),
('RJ8271','2020-1-3','UDAIPUR','SURAT','11:00 PM'),
('RJ8271','2020-1-4','SURAT','UDAIPUR','11:00 PM'),
('RJ8271','2020-1-5','UDAIPUR','SURAT','11:00 PM'),
('RJ8271','2020-1-6','SURAT','UDAIPUR','11:00 PM'),
('RJ8271','2020-1-7','SURAT','UDAIPUR','11:00 PM'),




('RJ8355','2020-1-1','AHMEDABAD','UDAIPUR','09:00 AM'),
('RJ8355','2020-1-2','UDAIPUR','AHMEDABAD','09:00 AM'),
('RJ8355','2020-1-3','AHMEDABAD','UDAIPUR','09:00 AM'),
('RJ8355','2020-1-4','UDAIPUR','AHMEDABAD','09:00 AM'),
('RJ8355','2020-1-5','AHMEDABAD','UDAIPUR','09:00 AM'),
('RJ8355','2020-1-6','UDAIPUR','AHMEDABAD','09:00 AM'),
('RJ8355','2020-1-7','AHMEDABAD','UDAIPUR','09:00 AM'),


('RJ8356','2020-1-1','UDAIPUR','AHMEDABAD','03:00 PM'),
('RJ8356','2020-1-2','AHMEDABAD','UDAIPUR','03:00 PM'),
('RJ8356','2020-1-3','UDAIPUR','AHMEDABAD','03:00 PM'),
('RJ8356','2020-1-4','AHMEDABAD','UDAIPUR','03:00 PM'),
('RJ8356','2020-1-5','UDAIPUR','AHMEDABAD','03:00 PM'),
('RJ8356','2020-1-6','AHMEDABAD','UDAIPUR','03:00 PM'),
('RJ8356','2020-1-7','AHMEDABAD','UDAIPUR','03:00 PM'),



('RJ8357','2020-1-1','AHMEDABAD','UDAIPUR','02:00 PM'),
('RJ8357','2020-1-2','UDAIPUR','AHMEDABAD','02:00 PM'),
('RJ8357','2020-1-3','AHMEDABAD','UDAIPUR','02:00 PM'),
('RJ8357','2020-1-4','UDAIPUR','AHMEDABAD','02:00 PM'),
('RJ8357','2020-1-5','AHMEDABAD','UDAIPUR','02:00 PM'),
('RJ8357','2020-1-6','UDAIPUR','AHMEDABAD','02:00 PM'),
('RJ8357','2020-1-7','AHMEDABAD','UDAIPUR','02:00 PM'),


('RJ8358','2020-1-1','UDAIPUR','AHMEDABAD','11:00 PM'),
('RJ8358','2020-1-2','AHMEDABAD','UDAIPUR','11:00 PM'),
('RJ8358','2020-1-3','UDAIPUR','AHMEDABAD','11:00 PM'),
('RJ8358','2020-1-4','AHMEDABAD','UDAIPUR','11:00 PM'),
('RJ8358','2020-1-5','UDAIPUR','AHMEDABAD','11:00 PM'),
('RJ8358','2020-1-6','AHMEDABAD','UDAIPUR','11:00 PM'),
('RJ8358','2020-1-7','AHMEDABAD','UDAIPUR','11:00 PM'),



('GJ7867','2020-1-1','JAIPUR','AHMEDABAD','09:00 AM'),
('GJ7867','2020-1-2','AHMEDABAD','JAIPUR','09:00 AM'),
('GJ7867','2020-1-3','JAIPUR','AHMEDABAD','09:00 AM'),
('GJ7867','2020-1-4','AHMEDABAD','JAIPUR','09:00 AM'),
('GJ7867','2020-1-5','JAIPUR','AHMEDABAD','09:00 AM'),
('GJ7867','2020-1-6','AHMEDABAD','JAIPUR','09:00 AM'),
('GJ7867','2020-1-7','JAIPUR','AHMEDABAD','09:00 AM'),


('GJ8787','2020-1-1','AHMEDABAD','JAIPUR','03:00 PM'),
('GJ8787','2020-1-2','JAIPUR','AHMEDABAD','03:00 PM'),
('GJ8787','2020-1-3','AHMEDABAD','JAIPUR','03:00 PM'),
('GJ8787','2020-1-4','JAIPUR','AHMEDABAD','03:00 PM'),
('GJ8787','2020-1-5','AHMEDABAD','JAIPUR','03:00 PM'),
('GJ8787','2020-1-6','JAIPUR','AHMEDABAD','03:00 PM'),
('GJ8787','2020-1-7','JAIPUR','AHMEDABAD','03:00 PM'),



('GJ9519','2020-1-1','JAIPUR','AHMEDABAD','02:00 PM'),
('GJ9519','2020-1-2','AHMEDABAD','JAIPUR','02:00 PM'),
('GJ9519','2020-1-3','JAIPUR','AHMEDABAD','02:00 PM'),
('GJ9519','2020-1-4','AHMEDABAD','JAIPUR','02:00 PM'),
('GJ9519','2020-1-5','JAIPUR','AHMEDABAD','02:00 PM'),
('GJ9519','2020-1-6','AHMEDABAD','JAIPUR','02:00 PM'),
('GJ9519','2020-1-7','JAIPUR','AHMEDABAD','02:00 PM'),


('GJ9167','2020-1-1','AHMEDABAD','JAIPUR','11:00 PM'),
('GJ9167','2020-1-2','JAIPUR','AHMEDABAD','11:00 PM'),
('GJ9167','2020-1-3','AHMEDABAD','JAIPUR','11:00 PM'),
('GJ9167','2020-1-4','JAIPUR','AHMEDABAD','11:00 PM'),
('GJ9167','2020-1-5','AHMEDABAD','JAIPUR','11:00 PM'),
('GJ9167','2020-1-6','JAIPUR','AHMEDABAD','11:00 PM'),
('GJ9167','2020-1-7','JAIPUR','AHMEDABAD','11:00 PM'),







('GJ8158','2020-1-1','JAIPUR','SURAT','09:00 AM'),
('GJ8158','2020-1-2','SURAT','JAIPUR','09:00 AM'),
('GJ8158','2020-1-3','JAIPUR','SURAT','09:00 AM'),
('GJ8158','2020-1-4','SURAT','JAIPUR','09:00 AM'),
('GJ8158','2020-1-5','JAIPUR','SURAT','09:00 AM'),
('GJ8158','2020-1-6','SURAT','JAIPUR','09:00 AM'),
('GJ8158','2020-1-7','JAIPUR','SURAT','09:00 AM'),


('GJ8159','2020-1-1','SURAT','JAIPUR','03:00 PM'),
('GJ8159','2020-1-2','JAIPUR','SURAT','03:00 PM'),
('GJ8159','2020-1-3','SURAT','JAIPUR','03:00 PM'),
('GJ8159','2020-1-4','JAIPUR','SURAT','03:00 PM'),
('GJ8159','2020-1-5','SURAT','JAIPUR','03:00 PM'),
('GJ8159','2020-1-6','JAIPUR','SURAT','03:00 PM'),
('GJ8159','2020-1-7','JAIPUR','SURAT','03:00 PM'),



('GJ8160','2020-1-1','JAIPUR','SURAT','02:00 PM'),
('GJ8160','2020-1-2','SURAT','JAIPUR','02:00 PM'),
('GJ8160','2020-1-3','JAIPUR','SURAT','02:00 PM'),
('GJ8160','2020-1-4','SURAT','JAIPUR','02:00 PM'),
('GJ8160','2020-1-5','JAIPUR','SURAT','02:00 PM'),
('GJ8160','2020-1-6','SURAT','JAIPUR','02:00 PM'),
('GJ8160','2020-1-7','JAIPUR','SURAT','02:00 PM'),


('GJ8161','2020-1-1','SURAT','JAIPUR','11:00 PM'),
('GJ8161','2020-1-2','JAIPUR','SURAT','11:00 PM'),
('GJ8161','2020-1-3','SURAT','JAIPUR','11:00 PM'),
('GJ8161','2020-1-4','JAIPUR','SURAT','11:00 PM'),
('GJ8161','2020-1-5','SURAT','JAIPUR','11:00 PM'),
('GJ8161','2020-1-6','JAIPUR','SURAT','11:00 PM'),
('GJ8161','2020-1-7','JAIPUR','SURAT','11:00 PM'),




('GJ8268','2020-1-1','SURAT','UDAIPUR','09:00 AM'),
('GJ8268','2020-1-2','UDAIPUR','SURAT','09:00 AM'),
('GJ8268','2020-1-3','SURAT','UDAIPUR','09:00 AM'),
('GJ8268','2020-1-4','UDAIPUR','SURAT','09:00 AM'),
('GJ8268','2020-1-5','SURAT','UDAIPUR','09:00 AM'),
('GJ8268','2020-1-6','UDAIPUR','SURAT','09:00 AM'),
('GJ8268','2020-1-7','SURAT','UDAIPUR','09:00 AM'),


('GJ8269','2020-1-1','UDAIPUR','SURAT','03:00 PM'),
('GJ8269','2020-1-2','SURAT','UDAIPUR','03:00 PM'),
('GJ8269','2020-1-3','UDAIPUR','SURAT','03:00 PM'),
('GJ8269','2020-1-4','SURAT','UDAIPUR','03:00 PM'),
('GJ8269','2020-1-5','UDAIPUR','SURAT','03:00 PM'),
('GJ8269','2020-1-6','SURAT','UDAIPUR','03:00 PM'),
('GJ8269','2020-1-7','SURAT','UDAIPUR','03:00 PM'),



('GJ8270','2020-1-1','SURAT','UDAIPUR','02:00 PM'),
('GJ8270','2020-1-2','UDAIPUR','SURAT','02:00 PM'),
('GJ8270','2020-1-3','SURAT','UDAIPUR','02:00 PM'),
('GJ8270','2020-1-4','UDAIPUR','SURAT','02:00 PM'),
('GJ8270','2020-1-5','SURAT','UDAIPUR','02:00 PM'),
('GJ8270','2020-1-6','UDAIPUR','SURAT','02:00 PM'),
('GJ8270','2020-1-7','SURAT','UDAIPUR','02:00 PM'),


('GJ8271','2020-1-1','UDAIPUR','SURAT','11:00 PM'),
('GJ8271','2020-1-2','SURAT','UDAIPUR','11:00 PM'),
('GJ8271','2020-1-3','UDAIPUR','SURAT','11:00 PM'),
('GJ8271','2020-1-4','SURAT','UDAIPUR','11:00 PM'),
('GJ8271','2020-1-5','UDAIPUR','SURAT','11:00 PM'),
('GJ8271','2020-1-6','SURAT','UDAIPUR','11:00 PM'),
('GJ8271','2020-1-7','SURAT','UDAIPUR','11:00 PM'),




('GJ8355','2020-1-1','AHMEDABAD','UDAIPUR','09:00 AM'),
('GJ8355','2020-1-2','UDAIPUR','AHMEDABAD','09:00 AM'),
('GJ8355','2020-1-3','AHMEDABAD','UDAIPUR','09:00 AM'),
('GJ8355','2020-1-4','UDAIPUR','AHMEDABAD','09:00 AM'),
('GJ8355','2020-1-5','AHMEDABAD','UDAIPUR','09:00 AM'),
('GJ8355','2020-1-6','UDAIPUR','AHMEDABAD','09:00 AM'),
('GJ8355','2020-1-7','AHMEDABAD','UDAIPUR','09:00 AM'),


('GJ8356','2020-1-1','UDAIPUR','AHMEDABAD','03:00 PM'),
('GJ8356','2020-1-2','AHMEDABAD','UDAIPUR','03:00 PM'),
('GJ8356','2020-1-3','UDAIPUR','AHMEDABAD','03:00 PM'),
('GJ8356','2020-1-4','AHMEDABAD','UDAIPUR','03:00 PM'),
('GJ8356','2020-1-5','UDAIPUR','AHMEDABAD','03:00 PM'),
('GJ8356','2020-1-6','AHMEDABAD','UDAIPUR','03:00 PM'),
('GJ8356','2020-1-7','AHMEDABAD','UDAIPUR','03:00 PM'),



('GJ8357','2020-1-1','AHMEDABAD','UDAIPUR','02:00 PM'),
('GJ8357','2020-1-2','UDAIPUR','AHMEDABAD','02:00 PM'),
('GJ8357','2020-1-3','AHMEDABAD','UDAIPUR','02:00 PM'),
('GJ8357','2020-1-4','UDAIPUR','AHMEDABAD','02:00 PM'),
('GJ8357','2020-1-5','AHMEDABAD','UDAIPUR','02:00 PM'),
('GJ8357','2020-1-6','UDAIPUR','AHMEDABAD','02:00 PM'),
('GJ8357','2020-1-7','AHMEDABAD','UDAIPUR','02:00 PM'),


('GJ8358','2020-1-1','UDAIPUR','AHMEDABAD','11:00 PM'),
('GJ8358','2020-1-2','AHMEDABAD','UDAIPUR','11:00 PM'),
('GJ8358','2020-1-3','UDAIPUR','AHMEDABAD','11:00 PM'),
('GJ8358','2020-1-4','AHMEDABAD','UDAIPUR','11:00 PM'),
('GJ8358','2020-1-5','UDAIPUR','AHMEDABAD','11:00 PM'),
('GJ8358','2020-1-6','AHMEDABAD','UDAIPUR','11:00 PM'),
('GJ8358','2020-1-7','AHMEDABAD','UDAIPUR','11:00 PM')

;









































/*agregation bus belong to travel agency*/

insert into bus_belongsto values('RJ2222','2020-1-1', '01AAAAA0000C1Z5');
insert into bus_belongsto values('RJ2211','2020-1-2', '01AAAAA0000C1Z5');
insert into bus_belongsto values('RJ2221','2020-1-3', '01AAAAA0000C1Z5');
insert into bus_belongsto values('RJ1111','2020-1-1', '01AAAAA0000B1Z5');
insert into bus_belongsto values('RJ1112','2020-1-2', '01AAAAA0000B1Z5');
insert into bus_belongsto values('RJ1113','2020-1-3', '01AAAAA0000A1Z5');

insert into bus_belongsto values('RJ1234','2020-1-1', '01AAAAA0000A1Z5');
insert into bus_belongsto values('GJ1234','2020-1-1', '02AAAAA0000C1Z5');
insert into bus_belongsto values('MH1234','2020-1-1', '03AAAAA0000C1Z5');

insert into bus_belongsto values('MP1234','2020-1-1', '04AAAAA0000A1Z5');
insert into bus_belongsto values('TS1234','2020-1-1', '05AHJK1772G1Z5');
insert into bus_belongsto values('TN1234','2020-1-1', '06YPYTA7898A1Z5');
insert into bus_belongsto values('UP1234','2020-1-1', '07UPSAI6968A1Z5');
insert into bus_belongsto values('PN1234','2020-1-1', '08PNJAR9019E1Z5');
insert into bus_belongsto values('BR1234','2020-1-1', '10ABBH2003B1X3');

insert into bus_belongsto values('JH1234','2020-1-1', '11ABJH3002C1Y2');
insert into bus_belongsto values('WB1234','2020-1-1', '13WBSCT5652T1Z5');
insert into bus_belongsto values('RJ7867','2020-1-1', '01AAAAA0000D1Z5');
insert into bus_belongsto values('RJ8787','2020-1-1', '01AAAAA0000D1Z5');
insert into bus_belongsto values('JH1234','2020-1-1', '11ABJH3003C1Y3');









insert into passengers values(18400,'Joshua','JAIPUR','DHANBAD','8374836626','5000 4010 1234','RJ2222','2020-1-1', '01AAAAA0000C1Z5');

insert into passengers  values


	(18401,'Martin'  ,'JAIPUR','BHOPAL','8374836126','5000 0000 4010 1235','RJ2222','2020-1-1', '01AAAAA0000C1Z5'),
	(18402,'Sawai'   ,'BHOPAL','INDORE','9256837356','5000 0000 4010 1236','RJ2222','2020-1-1', '01AAAAA0000C1Z5'),
	(18403,'Deep'    ,'BHOPAL','AGRA','9165245786','5000 0000 4010 1237','RJ2222','2020-1-1', '01AAAAA0000C1Z5'),
	(18404,'Santhosh','JAIPUR','AGRA','7597456782','5000 0000 4010 1238','RJ2222','2020-1-1', '01AAAAA0000C1Z5'),
	(18405,'Jonas'   ,'BHOPAL','DHANBAD','9378936517','5000 0000 4010 1239','RJ2222','2020-1-1', '01AAAAA0000C1Z5')

;

insert into passengers  values
	
	(18406,'wakka' ,'JAIPUR','BHOPAL','8384836126','5000 0000 4020 1240','RJ2211','2020-1-2', '01AAAAA0000C1Z5'),
	(18407,'fafa'  ,'BHOPAL','INDORE','8384836226','5000 0000 4020 1241','RJ2211','2020-1-2', '01AAAAA0000C1Z5'),
	(18408,'anna'  ,'BHOPAL','AGRA','8384836326','5000 0000 4020 1242','RJ2211','2020-1-2', '01AAAAA0000C1Z5'),
	(18409,'mico'  ,'JAIPUR','AGRA','8384836426','5000 0000 4020 1243','RJ2211','2020-1-2', '01AAAAA0000C1Z5'),
	(18410,'peanut','BHOPAL','DHANBAD','8384837126','5000 0000 4020 1244','RJ2211','2020-1-2', '01AAAAA0000C1Z5')
;	

insert into passengers  values
	
	(18411,'sinni' ,'JAIPUR','BHOPAL','9265236387','5000 0000 4020 1246','RJ2221','2020-1-3', '01AAAAA0000C1Z5'),
	(18412,'shree' ,'BHOPAL','INDORE','8529123468','5000 0000 4020 1247','RJ2221','2020-1-3', '01AAAAA0000C1Z5'),
	(18413,'shreya','BHOPAL','AGRA','9414521168','5000 0000 4020 1248','RJ2221','2020-1-3', '01AAAAA0000C1Z5'),
	(18414,'sayras','JAIPUR','AGRA','9460387286','5000 0000 4020 1249','RJ2221','2020-1-3', '01AAAAA0000C1Z5'),
	(18415,'jain'  ,'BHOPAL','DHANBAD','8384636557','5000 0000 4020 1250','RJ2221','2020-1-3', '01AAAAA0000C1Z5')
;	

insert into passengers  values
	
	(18416,'sanya'  ,'JAIPUR','COCHIN','8265236387','5000 0000 4020 1251','RJ1111','2020-1-1', '01AAAAA0000B1Z5'),
	(18417,'shattu' ,'JAIPUR','MUMBAI','7829123468','5000 0000 4020 1252','RJ1111','2020-1-1', '01AAAAA0000B1Z5'),
	(18418,'simmi'  ,'SURAT','MUMBAI','6914521168','5000 0000 4020 1253','RJ1111','2020-1-1', '01AAAAA0000B1Z5'),
	(18419,'shanu'  ,'SURAT','PANJI','9860387286','5000 0000 4020 1254','RJ1111','2020-1-1', '01AAAAA0000B1Z5'),
	(18420,'aadi'   ,'MUMBAI','COCHIN','7884636557','5000 0000 4020 1255','RJ1111','2020-1-1', '01AAAAA0000B1Z5')
;

insert into passengers  values


	(18421,'pranay'  ,'JAIPUR','COCHIN','8374836126','5000 0000 4010 1256','RJ1112','2020-1-2', '01AAAAA0000B1Z5'),
	(18422,'nigam'   ,'JAIPUR','MUMBAI','9256837356','5000 0000 4010 1257','RJ1112','2020-1-2', '01AAAAA0000B1Z5'),
	(18423,'Dev'     ,'SURAT','MUMBAI','9165245786','5000 0000 4010 1258','RJ1112','2020-1-2', '01AAAAA0000B1Z5'),
	(18424,'Bhavesh' ,'SURAT','PANJI','7597456782','5000 0000 4010 1259','RJ1112','2020-1-2', '01AAAAA0000B1Z5'),
	(18425,'Shreyas' ,'MUMBAI','COCHIN','9378936517','5000 0000 4010 1260','RJ1112','2020-1-2', '01AAAAA0000B1Z5')

;


insert into passengers  values
	
	(18426,'shashank','JAIPUR','COCHIN','7984836126','5000 0000 4020 1261','RJ1113','2020-1-3', '01AAAAA0000A1Z5'),
	(18427,'janish'  ,'JAIPUR','MUMBAI','9284836226','5000 0000 4020 1262','RJ1113','2020-1-3', '01AAAAA0000A1Z5'),
	(18428,'abhijeet','SURAT','MUMBAI','7484836326','5000 0000 4020 1263','RJ1113','2020-1-3', '01AAAAA0000A1Z5'),
	(18429,'sandeep' ,'SURAT','PANJI','8384836426','5000 0000 4020 1264','RJ1113','2020-1-3', '01AAAAA0000A1Z5'),
	(18430,'shera'   ,'MUMBAI','COCHIN','8084837126','5000 0000 4020 1265','RJ1113','2020-1-3', '01AAAAA0000A1Z5')
;

insert into passengers  values
	
	(18431,'neha'   ,'JAIPUR','UDAIPUR','9265236387','5000 0000 4020 1266','RJ1234','2020-1-1', '01AAAAA0000A1Z5'),
	(18432,'karishm','JAIPUR','UDAIPUR','8529123468','5000 0000 4020 1267','RJ1234','2020-1-1', '01AAAAA0000A1Z5'),
	(18433,'radhaa' ,'JAIPUR','UDAIPUR','9414521168','5000 0000 4020 1268','RJ1234','2020-1-1', '01AAAAA0000A1Z5'),
	(18434,'sayra_j','JAIPUR','UDAIPUR','9460387286','5000 0000 4020 1269','RJ1234','2020-1-1', '01AAAAA0000A1Z5'),
	(18435,'shila'  ,'JAIPUR','UDAIPUR','8384636557','5000 0000 4020 1270','RJ1234','2020-1-1', '01AAAAA0000A1Z5')
;	

insert into passengers  values


	(18436,'cecile'     ,'AHMEDABAD','SURAT','8374836126','5000 0000 4010 1271','GJ1234','2020-1-1', '02AAAAA0000C1Z5'),
	(18437,'flash'      ,'AHMEDABAD','SURAT','9256837356','5000 0000 4010 1272','GJ1234','2020-1-1', '02AAAAA0000C1Z5'),
	(18438,'allen barry','AHMEDABAD','SURAT','9165245786','5000 0000 4010 1273','GJ1234','2020-1-1', '02AAAAA0000C1Z5'),
	(18439,'Santhosh'   ,'AHMEDABAD','SURAT','7597456782','5000 0000 4010 1274','GJ1234','2020-1-1', '02AAAAA0000C1Z5'),
	(18440,'Jonas'      ,'AHMEDABAD','SURAT','9378936517','5000 0000 4010 1275','GJ1234','2020-1-1', '02AAAAA0000C1Z5')

;

insert into passengers  values
	
	(18441,'chris' ,'MUMBAI','PUNE','9684836126','5000 0000 4020 1276','MH1234','2020-1-1', '03AAAAA0000C1Z5'),
	(18442,'tony'  ,'MUMBAI','PUNE','9584836226','5000 0000 4020 1277','MH1234','2020-1-1', '03AAAAA0000C1Z5'),
	(18443,'loki'  ,'MUMBAI','PUNE','6984836326','5000 0000 4020 1278','MH1234','2020-1-1', '03AAAAA0000C1Z5'),
	(18444,'spidy' ,'MUMBAI','PUNE','7384836426','5000 0000 4020 1279','MH1234','2020-1-1', '03AAAAA0000C1Z5'),
	(18445,'visiom','MUMBAI','PUNE','7884837126','5000 0000 4020 1280','MH1234','2020-1-1', '03AAAAA0000C1Z5')
;	


insert into passengers  values
	
	(18446,'raju'  ,'INDORE','BHOPAL','9684256126','5000 0000 4020 1281','MP1234','2020-1-1', '04AAAAA0000A1Z5'),
	(18447,'raghu' ,'INDORE','BHOPAL','9586636226','5000 0000 4020 1282','MP1234','2020-1-1', '04AAAAA0000A1Z5'),
	(18448,'rama'  ,'INDORE','BHOPAL','6984136326','5000 0000 4020 1283','MP1234','2020-1-1', '04AAAAA0000A1Z5'),
	(18449,'rani'  ,'INDORE','BHOPAL','7384869426','5000 0000 4020 1284','MP1234','2020-1-1', '04AAAAA0000A1Z5'),
	(18450,'sai'   ,'INDORE','BHOPAL','7884837566','5000 0000 4020 1285','MP1234','2020-1-1', '04AAAAA0000A1Z5')
;

insert into passengers  values
	
	(18451,'sevem'  ,'HYDERABAD','WARANGAL','9684834566','5000 0000 4020 1286','TS1234','2020-1-1', '05AHJK1772G1Z5'),
	(18452,'abdul'  ,'HYDERABAD','WARANGAL','9584834236','5000 0000 4020 1287','TS1234','2020-1-1', '05AHJK1772G1Z5'),
	(18453,'arjun'  ,'HYDERABAD','WARANGAL','6984285616','5000 0000 4020 1288','TS1234','2020-1-1', '05AHJK1772G1Z5'),
	(18454,'karan'  ,'HYDERABAD','WARANGAL','7384246426','5000 0000 4020 1289','TS1234','2020-1-1', '05AHJK1772G1Z5'),
	(18455,'kishore','HYDERABAD','WARANGAL','9684837126','5000 0000 4020 1290','TS1234','2020-1-1', '05AHJK1772G1Z5')
;



insert into passengers  values
	
	(18456,'sunny'    ,'AGRA','LUCKNOW','9685265126','5000 0000 4020 1291','UP1234','2020-1-1', '07UPSAI6968A1Z5'),
	(18457,'shekar'   ,'AGRA','LUCKNOW','9544466226','5000 0000 4020 1292','UP1234','2020-1-1', '07UPSAI6968A1Z5'),
	(18458,'veera'    ,'AGRA','LUCKNOW','5656566326','5000 0000 4020 1293','UP1234','2020-1-1', '07UPSAI6968A1Z5'),
	(18459,'raviteja' ,'AGRA','LUCKNOW','7523646426','5000 0000 4020 1294','UP1234','2020-1-1', '07UPSAI6968A1Z5'),
	(18460,'alluarjun','AGRA','LUCKNOW','7878957126','5000 0000 4020 1295','UP1234','2020-1-1', '07UPSAI6968A1Z5')
;


insert into passengers  values
	
	(18461,'kumar'   ,'CHENNAI','MADHHURAI','9684920236','5000 0000 4020 1296','TN1234','2020-1-1', '06YPYTA7898A1Z5'),
	(18462,'krishna' ,'CHENNAI','MADHHURAI','9584458726','5000 0000 4020 1297','TN1234','2020-1-1', '06YPYTA7898A1Z5'),
	(18463,'kuran'   ,'CHENNAI','MADHHURAI','6985678206','5000 0000 4020 1298','TN1234','2020-1-1', '06YPYTA7898A1Z5'),
	(18464,'atul'    ,'CHENNAI','MADHHURAI','7356235006','5000 0000 4020 1299','TN1234','2020-1-1', '06YPYTA7898A1Z5'),
	(18465,'aravind' ,'CHENNAI','MADHHURAI','7884000006','5000 0000 4020 1300','TN1234','2020-1-1', '06YPYTA7898A1Z5')
;

insert into passengers  values
	
	(18466,'ajay'  ,'CHANDHI GARH','MOHALI','9615263236','5000 0000 4020 1301','PN1234','2020-1-1', '08PNJAR9019E1Z5'),
	(18467,'deva'  ,'CHANDHI GARH','MOHALI','9587895626','5000 0000 4020 1302','PN1234','2020-1-1', '08PNJAR9019E1Z5'),
	(18468,'durga' ,'CHANDHI GARH','MOHALI','6985789206','5000 0000 4020 1303','PN1234','2020-1-1', '08PNJAR9019E1Z5'),
	(18469,'ramya' ,'CHANDHI GARH','MOHALI','7354889606','5000 0000 4020 1304','PN1234','2020-1-1', '08PNJAR9019E1Z5'),
	(18470,'roja'  ,'CHANDHI GARH','MOHALI','7884587406','5000 0000 4020 1305','PN1234','2020-1-1', '08PNJAR9019E1Z5')
;


insert into passengers  values
	
	(18471,'meena' ,'GAYA','PATNA','6684920236','5000 0000 4020 1306','BR1234','2020-1-1', '10ABBH2003B1X3'),
	(18472,'kavya' ,'GAYA','PATNA','7584458726','5000 0000 4020 1307','BR1234','2020-1-1', '10ABBH2003B1X3'),
	(18473,'sriya' ,'GAYA','PATNA','5985678206','5000 0000 4020 1308','BR1234','2020-1-1', '10ABBH2003B1X3'),
	(18474,'bravo' ,'GAYA','PATNA','9356235006','5000 0000 4020 1309','BR1234','2020-1-1', '10ABBH2003B1X3'),
	(18475,'bindhu','GAYA','PATNA','8984000006','5000 0000 4020 1310','BR1234','2020-1-1', '10ABBH2003B1X3')
;


insert into passengers  values
	
	(18476,'meera'  ,'RANCHI','DHANBAD','9524920236','5000 0000 4020 1311','JH1234','2020-1-1', '11ABJH3002C1Y2'),
	(18477,'chan'   ,'RANCHI','DHANBAD','9454458726','5000 0000 4020 1312','JH1234','2020-1-1', '11ABJH3002C1Y2'),
	(18478,'jackie' ,'RANCHI','DHANBAD','6365678206','5000 0000 4020 1313','JH1234','2020-1-1', '11ABJH3002C1Y2'),
	(18479,'anand'  ,'RANCHI','DHANBAD','7856235006','5000 0000 4020 1314','JH1234','2020-1-1', '11ABJH3002C1Y2'),
	(18480,'akira'  ,'RANCHI','DHANBAD','7964000006','5000 0000 4020 1315','JH1234','2020-1-1', '11ABJH3002C1Y2')
;


insert into passengers  values
	
	(18481,'averi'  ,'KHARAGPUR','KOLKATA','8684920236','5000 0000 4020 1316','WB1234','2020-1-1', '13WBSCT5652T1Z5'),
	(18482,'khana'  ,'KHARAGPUR','KOLKATA','8484458726','5000 0000 4020 1317','WB1234','2020-1-1', '13WBSCT5652T1Z5'),
	(18483,'khaan'  ,'KHARAGPUR','KOLKATA','9585678206','5000 0000 4020 1318','WB1234','2020-1-1', '13WBSCT5652T1Z5'),
	(18484,'dhruva' ,'KHARAGPUR','KOLKATA','9456235006','5000 0000 4020 1319','WB1234','2020-1-1', '13WBSCT5652T1Z5'),
	(18485,'jethin' ,'KHARAGPUR','KOLKATA','9084000006','5000 0000 4020 1320','WB1234','2020-1-1', '13WBSCT5652T1Z5')
;


insert into passengers  values
	
	(18486,'jaguar'  ,'JAIPUR','AHMEDABAD','9784920236','5000 0000 4020 1321','RJ7867','2020-1-1', '01AAAAA0000D1Z5'),
	(18487,'jumbo'   ,'JAIPUR','AHMEDABAD','9984458726','5000 0000 4020 1322','RJ7867','2020-1-1', '01AAAAA0000D1Z5'),
	(18488,'john'    ,'JAIPUR','AHMEDABAD','9985678206','5000 0000 4020 1323','RJ7867','2020-1-1', '01AAAAA0000D1Z5'),
	(18489,'joseph'  ,'JAIPUR','AHMEDABAD','9056235006','5000 0000 4020 1324','RJ7867','2020-1-1', '01AAAAA0000D1Z5'),
	(18490,'charmi'  ,'JAIPUR','AHMEDABAD','8084055606','5000 0000 4020 1325','RJ7867','2020-1-1', '01AAAAA0000D1Z5')
;


insert into passengers  values
	
	(18491,'shree'     ,'AHMEDABAD','JAIPUR','8964920236','5000 0000 4020 1326','RJ8787','2020-1-1', '01AAAAA0000D1Z5'),
	(18492,'sravan'    ,'AHMEDABAD','JAIPUR','8544458726','5000 0000 4020 1327','RJ8787','2020-1-1', '01AAAAA0000D1Z5'),
	(18493,'sevlem'    ,'AHMEDABAD','JAIPUR','9685678206','5000 0000 4020 1328','RJ8787','2020-1-1', '01AAAAA0000D1Z5'),
	(18494,'saicharan' ,'AHMEDABAD','JAIPUR','6546235006','5000 0000 4020 1329','RJ8787','2020-1-1', '01AAAAA0000D1Z5'),
	(18495,'manish'    ,'AHMEDABAD','JAIPUR','6964052206','5000 0000 4020 1330','RJ8787','2020-1-1', '01AAAAA0000D1Z5')
;


insert into passengers  values
	
	(18496,'bhavana'  ,'RANCHI','DHANBAD','7858920236','5000 0000 4020 1331','JH1234','2020-1-1', '11ABJH3003C1Y3'),
	(18497,'akshara'  ,'RANCHI','DHANBAD','9894458726','5000 0000 4020 1332','JH1234','2020-1-1', '11ABJH3003C1Y3'),
	(18498,'deepthi'  ,'RANCHI','DHANBAD','9596678206','5000 0000 4020 1333','JH1234','2020-1-1', '11ABJH3003C1Y3'),
	(18499,'dileep'   ,'RANCHI','DHANBAD','9879235006','5000 0000 4020 1334','JH1234','2020-1-1', '11ABJH3003C1Y3'),
	(18500,'bhargav'  ,'RANCHI','DHANBAD','9965024506','5000 0000 4020 1335','JH1234','2020-1-1', '11ABJH3003C1Y3')
;




INSERT INTO ticket values(00001,'2018-12-28','2020-1-1',01,1600, 18400);

INSERT INTO ticket values(00002,'2018-12-29','2020-1-1',02,400, 18401);
INSERT INTO ticket values(00003,'2018-12-30','2020-1-1',03,400, 18402);
INSERT INTO ticket values(00004,'2018-12-27','2020-1-1',04,800, 18403);
INSERT INTO ticket values(00005,'2018-12-31','2020-1-1',05,1200, 18404);
INSERT INTO ticket values(00006,'2018-12-29','2020-1-1',06,1200, 18405);


INSERT INTO ticket values(00007,'2018-12-30','2020-1-2',01,400, 18406);
INSERT INTO ticket values(00008,'2018-12-31','2020-1-2',02,400, 18407);
INSERT INTO ticket values(00009,'2018-12-26','2020-1-2',03,800, 18408);
INSERT INTO ticket values(00010,'2020-01-01','2020-1-2',04,1200, 18409);
INSERT INTO ticket values(00011,'2020-01-01','2020-1-2',05,1600, 18410);

INSERT INTO ticket values(00012,'2018-12-30','2020-1-3',01,400, 18411);
INSERT INTO ticket values(00013,'2018-12-29','2020-1-3',02,400, 18412);
INSERT INTO ticket values(00014,'2020-01-01','2020-1-3',03,800, 18413);
INSERT INTO ticket values(00015,'2018-12-31','2020-1-3',04,1200, 18414);
INSERT INTO ticket values(00016,'2020-01-02','2020-1-3',05,1600, 18415);

INSERT INTO ticket values(00017,'2018-12-28','2020-1-1',01,2400, 18416);
INSERT INTO ticket values(00018,'2018-12-30','2020-1-1',02,1600, 18417);
INSERT INTO ticket values(00019,'2018-12-31','2020-1-1',03,400, 18418);
INSERT INTO ticket values(00020,'2018-12-29','2020-1-1',04,800, 18419);
INSERT INTO ticket values(00021,'2018-12-28','2020-1-1',05,800, 18420);

INSERT INTO ticket values(00022,'2018-12-29','2020-1-2',01,2400, 18421);
INSERT INTO ticket values(00023,'2018-12-28','2020-1-2',02,1600, 18422);
INSERT INTO ticket values(00024,'2020-01-01','2020-1-2',03,400, 18423);
INSERT INTO ticket values(00025,'2018-12-31','2020-1-2',04,800, 18424);
INSERT INTO ticket values(00026,'2018-12-30','2020-1-2',05,800, 18425);

INSERT INTO ticket values(00027,'2018-12-30','2020-1-3',01,2400, 18426);
INSERT INTO ticket values(00028,'2020-01-02','2020-1-3',02,1600, 18427);
INSERT INTO ticket values(00029,'2018-12-29','2020-1-3',03,400, 18428);
INSERT INTO ticket values(00030,'2020-01-01','2020-1-3',04,800, 18429);
INSERT INTO ticket values(00031,'2018-12-31','2020-1-3',05,800, 18430);

INSERT INTO ticket values(00032,'2018-12-28','2020-1-1',01,400, 18431);
INSERT INTO ticket values(00033,'2018-12-30','2020-1-1',02,400, 18432);
INSERT INTO ticket values(00034,'2018-12-31','2020-1-1',03,400, 18433);
INSERT INTO ticket values(00035,'2018-12-29','2020-1-1',04,400, 18434);
INSERT INTO ticket values(00036,'2018-12-27','2020-1-1',05,400, 18435);

INSERT INTO ticket values(00037,'2018-12-31','2020-1-1',01,400, 18436);
INSERT INTO ticket values(00038,'2018-12-30','2020-1-1',02,400, 18437);
INSERT INTO ticket values(00039,'2018-12-29','2020-1-1',03,400, 18438);
INSERT INTO ticket values(00040,'2018-12-28','2020-1-1',04,400, 18439);
INSERT INTO ticket values(00041,'2018-12-29','2020-1-1',05,400, 18440);

INSERT INTO ticket values(00042,'2018-12-28','2020-1-1',01,500, 18441);
INSERT INTO ticket values(00043,'2018-12-29','2020-1-1',02,500, 18442);
INSERT INTO ticket values(00044,'2018-12-30','2020-1-1',03,500, 18443);
INSERT INTO ticket values(00045,'2018-12-30','2020-1-1',04,500, 18444);
INSERT INTO ticket values(00046,'2018-12-31','2020-1-1',05,500, 18445);

INSERT INTO ticket values(00047,'2018-12-28','2020-1-1',01,600, 18446);
INSERT INTO ticket values(00048,'2018-12-29','2020-1-1',02,600, 18447);
INSERT INTO ticket values(00049,'2018-12-29','2020-1-1',03,600, 18448);
INSERT INTO ticket values(00050,'2018-12-30','2020-1-1',04,600, 18449);
INSERT INTO ticket values(00051,'2018-12-31','2020-1-1',05,600, 18450);

INSERT INTO ticket values(00052,'2018-12-28','2020-1-1',01,400, 18451);
INSERT INTO ticket values(00053,'2018-12-29','2020-1-1',02,400, 18452);
INSERT INTO ticket values(00054,'2018-12-30','2020-1-1',03,400, 18453);
INSERT INTO ticket values(00055,'2018-12-31','2020-1-1',04,400, 18454);
INSERT INTO ticket values(00056,'2018-12-31','2020-1-1',05,400, 18455);

INSERT INTO ticket values(00057,'2018-12-27','2020-1-1',01,500, 18456);
INSERT INTO ticket values(00058,'2018-12-28','2020-1-1',02,500, 18457);
INSERT INTO ticket values(00059,'2018-12-29','2020-1-1',03,500, 18458);
INSERT INTO ticket values(00060,'2018-12-30','2020-1-1',04,500, 18459);
INSERT INTO ticket values(00061,'2018-12-31','2020-1-1',05,500, 18460);

INSERT INTO ticket values(00062,'2018-12-28','2020-1-1',01,600, 18461);
INSERT INTO ticket values(00063,'2018-12-29','2020-1-1',02,600, 18462);
INSERT INTO ticket values(00064,'2018-12-30','2020-1-1',03,600, 18463);
INSERT INTO ticket values(00065,'2018-12-31','2020-1-1',04,600, 18464);
INSERT INTO ticket values(00066,'2018-12-31','2020-1-1',05,600, 18465);

INSERT INTO ticket values(00067,'2018-12-28','2020-1-1',01,400, 18466);
INSERT INTO ticket values(00068,'2018-12-29','2020-1-1',02,400, 18467);
INSERT INTO ticket values(00069,'2018-12-29','2020-1-1',03,400, 18468);
INSERT INTO ticket values(00070,'2018-12-30','2020-1-1',04,400, 18469);
INSERT INTO ticket values(00071,'2018-12-31','2020-1-1',05,400, 18470);

INSERT INTO ticket values(00072,'2018-12-28','2020-1-1',01,450, 18471);
INSERT INTO ticket values(00073,'2018-12-29','2020-1-1',02,450, 18472);
INSERT INTO ticket values(00074,'2018-12-30','2020-1-1',03,450, 18473);
INSERT INTO ticket values(00075,'2018-12-30','2020-1-1',04,450, 18474);
INSERT INTO ticket values(00076,'2018-12-31','2020-1-1',05,450, 18475);

INSERT INTO ticket values(00077,'2018-12-31','2020-1-1',01,500, 18476);
INSERT INTO ticket values(00078,'2018-12-29','2020-1-1',02,500, 18477);
INSERT INTO ticket values(00079,'2018-12-30','2020-1-1',03,500, 18478);
INSERT INTO ticket values(00080,'2018-12-29','2020-1-1',04,500, 18479);
INSERT INTO ticket values(00081,'2018-12-30','2020-1-1',05,500, 18480);

INSERT INTO ticket values(00082,'2018-12-29','2020-1-1',01,600, 18481);
INSERT INTO ticket values(00083,'2018-12-28','2020-1-1',02,600, 18482);
INSERT INTO ticket values(00084,'2018-12-31','2020-1-1',03,600, 18483);
INSERT INTO ticket values(00085,'2018-12-31','2020-1-1',04,600, 18484);
INSERT INTO ticket values(00086,'2018-12-28','2020-1-1',05,600, 18485);

INSERT INTO ticket values(00087,'2018-12-28','2020-1-1',01,800, 18486);
INSERT INTO ticket values(00088,'2018-12-31','2020-1-1',02,800, 18487);
INSERT INTO ticket values(00089,'2018-12-29','2020-1-1',03,800, 18488);
INSERT INTO ticket values(00090,'2018-12-30','2020-1-1',04,800, 18489);
INSERT INTO ticket values(00091,'2018-12-30','2020-1-1',05,800, 18490);

INSERT INTO ticket values(00092,'2018-12-27','2020-1-1',01,800, 18491);
INSERT INTO ticket values(00093,'2018-12-28','2020-1-1',02,800, 18492);
INSERT INTO ticket values(00094,'2018-12-31','2020-1-1',03,800, 18493);
INSERT INTO ticket values(00095,'2018-12-30','2020-1-1',04,800, 18494);
INSERT INTO ticket values(00096,'2018-12-29','2020-1-1',05,800, 18495);

INSERT INTO ticket values(00097,'2018-12-28','2020-1-1',01,500, 18496);
INSERT INTO ticket values(00098,'2018-12-29','2020-1-1',02,500, 18497);
INSERT INTO ticket values(00099,'2018-12-30','2020-1-1',03,500, 18498);
INSERT INTO ticket values(00100,'2018-12-31','2020-1-1',04,500, 18499);
INSERT INTO ticket values(00101,'2018-12-27','2020-1-1',05,500, 18500);


